time,code,algo,test_year,seed,ret,bh_ret,excess_bh,sortino,mdd,trades,hold_ratio,hold_bull,hold_bear,avg_hold_days,n_spells,capture_up,capture_dn,day_up,day_dn,entry_lag,bull_days
09-18 03:42,005930,dqn,2018,1,-0.3043,-0.2403,-0.064,-2.056,-0.318,32,0.809,0.839,0.799,12.2,16,0.803,0.869,0.777,0.84,0.3,0.257
09-18 03:43,005930,dqn,2018,2,-0.4202,-0.2403,-0.1799,-3.261,-0.4323,34,0.867,0.887,0.86,13.1,16,0.777,0.885,0.848,0.882,0.5,0.257
09-18 03:43,005930,dqn,2018,3,-0.1816,-0.2403,0.0587,-1.348,-0.252,25,0.552,0.484,0.575,11.1,12,0.534,0.541,0.554,0.555,1.5,0.257
09-18 03:43,005930,dqn,2018,4,-0.0963,-0.2403,0.144,-0.511,-0.2264,25,0.622,0.661,0.609,11.5,13,0.651,0.63,0.661,0.605,0.4,0.257
09-18 03:43,005930,dqn,2018,5,-0.0916,-0.2403,0.1487,-0.518,-0.2367,29,0.631,0.661,0.62,10.9,14,0.67,0.61,0.634,0.622,0.6,0.257
09-18 03:44,005930,dqn,2018,6,-0.2126,-0.2403,0.0277,-1.328,-0.2379,33,0.809,0.855,0.793,12.2,16,0.827,0.796,0.83,0.79,0.2,0.257
09-18 03:44,005930,dqn,2018,7,-0.1892,-0.2403,0.0511,-1.251,-0.2898,27,0.672,0.629,0.687,11.6,14,0.624,0.666,0.652,0.689,1.1,0.257
09-18 03:44,005930,dqn,2018,8,-0.223,-0.2403,0.0173,-1.474,-0.2559,23,0.598,0.484,0.637,12.0,12,0.571,0.619,0.554,0.613,1.2,0.257
09-18 03:45,005930,dqn,2018,9,-0.1979,-0.2403,0.0424,-1.259,-0.284,30,0.697,0.629,0.721,11.2,15,0.714,0.69,0.688,0.689,1.0,0.257
09-18 03:45,005930,dqn,2018,10,-0.2218,-0.2403,0.0185,-1.375,-0.2564,28,0.602,0.645,0.587,10.4,14,0.665,0.606,0.607,0.588,1.2,0.257
09-18 03:45,005930,dqn,2018,11,-0.1131,-0.2403,0.1272,-0.588,-0.1475,32,0.784,0.774,0.788,11.8,16,0.791,0.785,0.821,0.756,0.4,0.257
09-18 03:45,005930,dqn,2018,12,-0.3495,-0.2403,-0.1092,-2.47,-0.357,28,0.776,0.742,0.788,13.4,14,0.729,0.81,0.75,0.798,0.9,0.257
09-18 03:46,005930,dqn,2018,13,-0.1867,-0.2403,0.0536,-1.133,-0.252,29,0.71,0.774,0.687,11.4,15,0.713,0.724,0.759,0.655,0.7,0.257
09-18 03:46,005930,dqn,2018,14,-0.3248,-0.2403,-0.0845,-2.246,-0.3389,28,0.888,0.887,0.888,15.3,14,0.847,0.907,0.857,0.916,0.5,0.257
09-18 03:46,005930,dqn,2018,15,-0.0012,-0.2403,0.2391,0.164,-0.1508,34,0.734,0.694,0.749,10.4,17,0.829,0.709,0.795,0.697,0.5,0.257
09-18 03:46,005930,dqn,2018,16,-0.2859,-0.2403,-0.0456,-1.968,-0.2942,29,0.784,0.677,0.821,12.6,15,0.809,0.759,0.821,0.756,0.5,0.257
09-18 03:47,005930,dqn,2018,17,-0.0621,-0.2403,0.1782,-0.29,-0.2008,23,0.68,0.645,0.693,13.7,12,0.718,0.673,0.688,0.655,1.4,0.257
09-18 03:47,005930,dqn,2018,18,-0.1309,-0.2403,0.1094,-0.837,-0.2321,23,0.531,0.548,0.525,10.7,12,0.567,0.501,0.527,0.513,1.2,0.257
09-18 03:47,005930,dqn,2018,19,-0.2048,-0.2403,0.0355,-1.239,-0.2139,23,0.834,0.855,0.827,16.8,12,0.88,0.778,0.893,0.765,0.2,0.257
09-18 03:48,005930,dqn,2018,20,-0.0628,-0.2403,0.1775,-0.239,-0.1472,33,0.743,0.758,0.737,10.5,17,0.728,0.685,0.768,0.706,0.2,0.257
09-18 03:48,005930,dqn,2019,1,0.3292,0.44,-0.1108,2.338,-0.113,32,0.711,0.791,0.607,10.9,16,0.727,0.719,0.708,0.724,0.1,0.565
09-18 03:48,005930,dqn,2019,2,0.0607,0.44,-0.3793,0.569,-0.1951,28,0.671,0.669,0.673,11.8,14,0.665,0.701,0.669,0.705,3.2,0.565
09-18 03:49,005930,dqn,2019,3,0.1971,0.44,-0.2429,1.464,-0.204,30,0.732,0.755,0.701,12.0,15,0.747,0.698,0.715,0.743,0.2,0.565
09-18 03:49,005930,dqn,2019,4,0.3014,0.44,-0.1386,2.267,-0.138,31,0.789,0.827,0.738,12.1,16,0.751,0.787,0.769,0.819,0.2,0.565
09-18 03:49,005930,dqn,2019,5,0.2962,0.44,-0.1438,2.156,-0.217,33,0.797,0.806,0.785,11.5,17,0.835,0.775,0.831,0.752,0.8,0.565
09-18 03:50,005930,dqn,2019,6,0.2276,0.44,-0.2124,1.618,-0.13,16,0.76,0.799,0.71,23.4,8,0.701,0.732,0.777,0.752,2.0,0.565
09-18 03:50,005930,dqn,2019,7,0.1739,0.44,-0.2661,1.326,-0.1172,31,0.756,0.777,0.729,11.6,16,0.708,0.815,0.754,0.762,2.5,0.565
09-18 03:50,005930,dqn,2019,8,0.2012,0.44,-0.2388,1.536,-0.1508,27,0.821,0.849,0.785,14.4,14,0.825,0.739,0.869,0.771,0.0,0.565
09-18 03:51,005930,dqn,2019,9,0.3683,0.44,-0.0717,2.864,-0.1215,24,0.577,0.626,0.514,11.8,12,0.611,0.48,0.6,0.543,0.8,0.565
09-18 03:51,005930,dqn,2019,10,0.2841,0.44,-0.1559,2.09,-0.1552,34,0.846,0.82,0.879,12.2,17,0.86,0.834,0.846,0.848,0.4,0.565
09-18 03:51,005930,dqn,2019,11,0.2551,0.44,-0.1849,1.837,-0.1489,24,0.74,0.835,0.617,15.2,12,0.723,0.73,0.746,0.733,0.9,0.565
09-18 03:52,005930,dqn,2019,12,0.2481,0.44,-0.1919,1.829,-0.1968,33,0.846,0.835,0.86,12.2,17,0.846,0.801,0.846,0.829,0.4,0.565
09-18 03:52,005930,dqn,2019,13,0.2988,0.44,-0.1412,2.08,-0.2289,32,0.772,0.741,0.813,11.9,16,0.812,0.729,0.808,0.733,0.2,0.565
09-18 03:52,005930,dqn,2019,14,0.1425,0.44,-0.2975,1.141,-0.2437,29,0.809,0.871,0.729,13.3,15,0.78,0.802,0.8,0.819,0.9,0.565
09-18 03:53,005930,dqn,2019,15,0.203,0.44,-0.237,1.731,-0.1126,30,0.736,0.748,0.72,12.1,15,0.716,0.706,0.769,0.705,1.6,0.565
09-18 03:53,005930,dqn,2019,16,-0.0264,0.44,-0.4664,-0.084,-0.1319,27,0.675,0.698,0.645,11.9,14,0.595,0.7,0.685,0.667,3.0,0.565
09-18 03:54,005930,dqn,2019,17,0.1724,0.44,-0.2676,1.359,-0.2183,29,0.825,0.878,0.757,13.5,15,0.792,0.865,0.815,0.848,0.6,0.565
09-18 03:54,005930,dqn,2019,18,0.3815,0.44,-0.0585,2.698,-0.1104,29,0.626,0.633,0.617,11.0,14,0.662,0.579,0.638,0.61,1.0,0.565
09-18 03:54,005930,dqn,2019,19,0.3145,0.44,-0.1255,2.184,-0.1362,27,0.748,0.799,0.682,13.1,14,0.69,0.75,0.731,0.752,0.5,0.565
09-18 03:55,005930,dqn,2019,20,0.2282,0.44,-0.2118,1.847,-0.1587,23,0.809,0.813,0.804,16.6,12,0.798,0.802,0.808,0.81,0.4,0.565
09-18 03:55,005930,dqn,2020,1,0.7867,0.467,0.3197,4.016,-0.1005,29,0.802,0.822,0.746,13.3,15,0.751,0.659,0.789,0.798,0.2,0.746
09-18 03:55,005930,dqn,2020,2,0.5521,0.467,0.0851,2.532,-0.165,29,0.71,0.681,0.794,11.7,15,0.783,0.621,0.766,0.654,0.0,0.746
09-18 03:56,005930,dqn,2020,3,0.2203,0.467,-0.2467,1.124,-0.2812,32,0.726,0.714,0.762,11.2,16,0.754,0.726,0.758,0.692,0.0,0.746
09-18 03:56,005930,dqn,2020,4,0.1367,0.467,-0.3303,0.902,-0.335,28,0.734,0.762,0.651,13.0,14,0.718,0.775,0.719,0.779,1.8,0.746
09-18 03:57,005930,dqn,2020,5,0.3465,0.467,-0.1205,1.605,-0.2096,26,0.609,0.611,0.603,11.6,13,0.686,0.552,0.664,0.558,1.2,0.746
09-18 03:57,005930,dqn,2020,6,0.4289,0.467,-0.0381,2.006,-0.3313,32,0.71,0.708,0.714,11.0,16,0.761,0.715,0.719,0.692,0.7,0.746
09-18 03:57,005930,dqn,2020,7,0.7097,0.467,0.2427,3.052,-0.175,33,0.722,0.697,0.794,10.5,17,0.758,0.644,0.742,0.692,0.5,0.746
09-18 03:58,005930,dqn,2020,8,0.369,0.467,-0.098,1.753,-0.2643,27,0.75,0.724,0.825,13.3,14,0.799,0.781,0.781,0.731,1.3,0.746
09-18 03:58,005930,dqn,2020,9,0.3998,0.467,-0.0672,1.893,-0.2027,32,0.81,0.8,0.841,12.6,16,0.888,0.782,0.828,0.798,0.2,0.746
09-18 03:58,005930,dqn,2020,10,0.3561,0.467,-0.1109,1.797,-0.3427,22,0.879,0.886,0.857,19.8,11,0.867,0.853,0.859,0.904,0.0,0.746
09-18 03:59,005930,dqn,2020,11,0.2862,0.467,-0.1808,1.449,-0.3183,31,0.794,0.762,0.889,12.3,16,0.832,0.819,0.805,0.798,1.8,0.746
09-18 03:59,005930,dqn,2020,12,0.2532,0.467,-0.2138,1.38,-0.2603,36,0.867,0.859,0.889,11.9,18,0.917,0.827,0.891,0.837,0.0,0.746
09-18 04:00,005930,dqn,2020,13,0.3311,0.467,-0.1359,1.788,-0.1588,31,0.722,0.708,0.762,11.9,15,0.68,0.736,0.766,0.74,0.5,0.746
09-18 04:00,005930,dqn,2020,14,0.4153,0.467,-0.0517,1.87,-0.2518,21,0.677,0.622,0.841,15.3,11,0.74,0.664,0.711,0.635,0.0,0.746
09-18 04:00,005930,dqn,2020,15,0.7836,0.467,0.3166,3.201,-0.1653,27,0.605,0.595,0.635,10.7,14,0.689,0.498,0.656,0.529,0.0,0.746
09-18 04:01,005930,dqn,2020,16,0.5184,0.467,0.0514,2.436,-0.2542,29,0.867,0.876,0.841,14.3,15,0.851,0.856,0.867,0.865,0.0,0.746
09-18 04:01,005930,dqn,2020,17,0.272,0.467,-0.195,1.597,-0.1914,30,0.758,0.784,0.683,12.5,15,0.707,0.651,0.789,0.721,0.8,0.746
09-18 04:02,005930,dqn,2020,18,0.5524,0.467,0.0854,2.768,-0.1329,26,0.641,0.724,0.397,12.2,13,0.643,0.537,0.695,0.587,2.2,0.746
09-18 04:02,005930,dqn,2020,19,0.6312,0.467,0.1642,2.669,-0.254,28,0.883,0.881,0.889,15.6,14,0.919,0.859,0.891,0.875,0.0,0.746
09-18 04:02,005930,dqn,2020,20,0.549,0.467,0.082,4.08,-0.051,14,0.371,0.449,0.143,13.1,7,0.39,0.236,0.414,0.337,4.3,0.746
