time,model,test_year,seed,episodes,ret,excess_bh,sharpe,sortino,mdd,trades
09-03 19:53,buy_hold,2021,0,0,-0.0564,0.0,-0.167,-0.295,-0.2431,
09-03 19:53,ma_cross,2021,0,0,-0.0238,0.0326,-0.411,-0.208,-0.0425,3.0
09-03 19:53,cash,2021,0,0,0.0,0.0564,0.0,0.0,0.0,0.0
09-03 19:53,fixed50,2021,0,0,-0.0232,0.0332,-0.166,-0.294,-0.1272,
09-03 19:53,dqn,2021,1,10,-0.0245,0.0319,-0.115,-0.163,-0.1574,55
09-03 19:53,dqn,2021,2,10,0.0306,0.087,0.309,0.529,-0.1695,72
09-03 19:53,dqn,2021,3,10,-0.0907,-0.0343,-0.511,-0.809,-0.2017,48
09-03 19:53,dqn,2021,4,10,-0.1865,-0.1301,-1.79,-1.981,-0.2518,66
09-03 19:54,dqn,2021,5,10,-0.1435,-0.0871,-0.99,-1.27,-0.2232,56
09-03 19:54,double,2021,1,10,-0.0604,-0.004,-0.34,-0.503,-0.1695,36
09-03 19:54,double,2021,2,10,-0.1575,-0.1011,-1.258,-1.456,-0.2329,55
09-03 19:54,double,2021,3,10,-0.0345,0.0219,-0.2,-0.254,-0.1766,47
09-03 19:54,double,2021,4,10,-0.0934,-0.037,-0.885,-1.132,-0.1497,64
09-03 19:55,double,2021,5,10,-0.0501,0.0063,-0.304,-0.476,-0.1953,46
09-03 19:55,buy_hold,2022,0,0,-0.296,0.0,-1.473,-2.885,-0.3328,
09-03 19:55,ma_cross,2022,0,0,-0.1413,0.1547,-1.327,-1.118,-0.1413,3.0
09-03 19:55,cash,2022,0,0,0.0,0.296,0.0,0.0,0.0,0.0
09-03 19:55,fixed50,2022,0,0,-0.1559,0.1401,-1.472,-2.884,-0.1803,
09-03 19:55,dqn,2022,1,10,-0.2344,0.0616,-2.007,-2.741,-0.2478,38
09-03 19:55,dqn,2022,2,10,-0.234,0.0619,-1.302,-2.436,-0.3036,22
09-03 19:55,dqn,2022,3,10,-0.2209,0.0751,-1.398,-2.114,-0.2874,62
09-03 19:55,dqn,2022,4,10,-0.2432,0.0527,-2.33,-2.933,-0.2532,60
09-03 19:55,dqn,2022,5,10,-0.2364,0.0596,-1.466,-2.38,-0.2452,39
09-03 19:56,double,2022,1,10,-0.2453,0.0506,-1.838,-2.543,-0.2806,39
09-03 19:56,double,2022,2,10,-0.2834,0.0126,-2.041,-2.912,-0.3119,47
09-03 19:56,double,2022,3,10,-0.1956,0.1004,-1.126,-2.023,-0.2548,26
09-03 19:56,double,2022,4,10,-0.304,-0.008,-2.4,-3.253,-0.3105,61
09-03 19:56,double,2022,5,10,-0.1972,0.0987,-1.065,-1.857,-0.2965,78
09-03 19:56,buy_hold,2023,0,0,0.4141,0.0,1.804,3.503,-0.1008,
09-03 19:56,ma_cross,2023,0,0,0.1585,-0.2556,1.212,1.802,-0.1098,5.0
09-03 19:56,cash,2023,0,0,0.0,-0.4141,0.0,0.0,0.0,0.0
09-03 19:56,fixed50,2023,0,0,0.1957,-0.2184,1.804,3.503,-0.0506,
09-03 19:57,dqn,2023,1,10,0.1713,-0.2428,1.261,2.25,-0.108,52
09-03 19:57,dqn,2023,2,10,0.1115,-0.3026,0.923,1.314,-0.057,48
09-03 19:57,dqn,2023,3,10,0.1517,-0.2623,1.148,2.006,-0.0748,54
09-03 19:57,dqn,2023,4,10,0.0213,-0.3928,0.245,0.345,-0.1493,66
09-03 19:57,dqn,2023,5,10,0.1717,-0.2423,1.094,1.858,-0.1204,47
09-03 19:58,double,2023,1,10,-0.0538,-0.4679,-0.391,-0.588,-0.1175,64
09-03 19:58,double,2023,2,10,0.0189,-0.3952,0.211,0.351,-0.144,45
09-03 19:59,double,2023,3,10,0.0916,-0.3225,0.734,1.232,-0.1231,54
09-03 19:59,double,2023,4,10,0.0284,-0.3857,0.286,0.394,-0.112,68
09-03 20:00,double,2023,5,10,0.0636,-0.3505,0.594,1.083,-0.1028,66
09-03 20:00,buy_hold,2024,0,0,-0.33,0.0,-1.145,-1.752,-0.4298,
09-03 20:00,ma_cross,2024,0,0,-0.139,0.191,-0.711,-0.476,-0.2326,4.0
09-03 20:00,cash,2024,0,0,0.0,0.33,0.0,0.0,0.0,0.0
09-03 20:00,fixed50,2024,0,0,-0.1722,0.1578,-1.144,-1.751,-0.2416,
09-03 20:01,dqn,2024,1,10,-0.3517,-0.0217,-1.912,-2.601,-0.4032,43
09-03 20:01,dqn,2024,2,10,0.1397,0.4698,0.711,1.069,-0.2123,50
09-03 20:02,dqn,2024,3,10,-0.2711,0.059,-1.407,-1.417,-0.3553,54
09-03 20:02,dqn,2024,4,10,-0.1736,0.1565,-0.914,-1.251,-0.2984,72
09-03 20:03,dqn,2024,5,10,-0.372,-0.042,-2.064,-2.82,-0.4664,55
09-03 20:04,double,2024,1,10,-0.074,0.2561,-0.221,-0.318,-0.3146,45
09-03 20:04,double,2024,2,10,0.0883,0.4183,0.53,0.488,-0.1825,47
09-03 20:04,double,2024,3,10,-0.2367,0.0934,-1.133,-1.528,-0.3657,43
09-03 20:04,double,2024,4,10,-0.1346,0.1954,-0.48,-0.57,-0.3022,62
09-03 20:05,double,2024,5,10,-0.2497,0.0804,-1.32,-1.737,-0.3175,68
09-03 20:15,069500,buy_hold,2021,0,0,0.0035,0.0,0.105,0.175,-0.1459,
09-03 20:15,069500,ma_cross,2021,0,0,0.0106,0.0071,0.189,0.178,-0.0449,3.0
09-03 20:15,069500,cash,2021,0,0,0.0,-0.0035,0.0,0.0,0.0,0.0
09-03 20:15,069500,fixed50,2021,0,0,0.0053,0.0018,0.105,0.176,-0.0749,
09-03 20:16,069500,dqn,2021,1,10,0.0294,0.0259,0.37,0.471,-0.055,40
09-03 20:17,069500,dqn,2021,2,10,-0.0631,-0.0666,-0.59,-0.795,-0.1004,44
09-03 20:17,069500,dqn,2021,3,10,0.0097,0.0062,0.147,0.222,-0.1528,49
09-03 20:17,069500,dqn,2021,4,10,0.0993,0.0958,1.153,1.608,-0.0746,70
09-03 20:17,069500,dqn,2021,5,10,0.0058,0.0023,0.114,0.131,-0.0811,34
09-03 20:17,069500,double,2021,1,10,-0.0427,-0.0462,-0.378,-0.468,-0.0868,48
09-03 20:18,069500,double,2021,2,10,-0.1055,-0.109,-1.049,-1.381,-0.1295,56
09-03 20:18,069500,double,2021,3,10,-0.0129,-0.0164,-0.099,-0.131,-0.0983,47
09-03 20:18,069500,double,2021,4,10,-0.0595,-0.063,-0.655,-0.847,-0.0973,60
09-03 20:18,069500,double,2021,5,10,-0.0182,-0.0217,-0.168,-0.243,-0.1314,58
09-03 20:18,069500,buy_hold,2022,0,0,-0.2432,0.0,-1.415,-2.385,-0.2794,
09-03 20:18,069500,ma_cross,2022,0,0,-0.1502,0.093,-1.954,-1.562,-0.1502,3.0
09-03 20:18,069500,cash,2022,0,0,0.0,0.2432,0.0,0.0,0.0,0.0
09-03 20:18,069500,fixed50,2022,0,0,-0.1263,0.1169,-1.415,-2.385,-0.1485,
09-03 20:18,069500,dqn,2022,1,10,-0.0269,0.2163,-0.203,-0.262,-0.128,50
09-03 20:19,069500,dqn,2022,2,10,-0.1056,0.1376,-0.661,-1.064,-0.1803,33
09-03 20:19,069500,dqn,2022,3,10,-0.1964,0.0467,-1.7,-2.124,-0.2174,51
09-03 20:19,069500,dqn,2022,4,10,0.0047,0.2479,0.105,0.133,-0.0693,43
09-03 20:20,069500,dqn,2022,5,10,-0.1422,0.1009,-1.215,-1.754,-0.1762,63
09-03 20:20,069500,double,2022,1,10,-0.2382,0.005,-2.064,-2.727,-0.2482,69
09-03 20:21,069500,double,2022,2,10,-0.1185,0.1247,-1.218,-1.362,-0.126,49
09-03 20:21,069500,double,2022,3,10,-0.1565,0.0866,-2.083,-2.004,-0.1723,49
09-03 20:21,069500,double,2022,4,10,-0.0302,0.213,-0.208,-0.307,-0.1322,60
09-03 20:22,069500,double,2022,5,10,0.0326,0.2758,0.329,0.421,-0.1493,52
09-03 20:22,069500,buy_hold,2023,0,0,0.2554,0.0,1.58,2.625,-0.126,
09-03 20:22,069500,ma_cross,2023,0,0,0.0578,-0.1976,0.732,0.92,-0.0813,3.0
09-03 20:22,069500,cash,2023,0,0,0.0,-0.2554,0.0,0.0,0.0,0.0
09-03 20:22,069500,fixed50,2023,0,0,0.124,-0.1314,1.58,2.625,-0.0645,
09-03 20:22,069500,dqn,2023,1,10,-0.1256,-0.381,-1.187,-1.641,-0.1836,84
09-03 20:22,069500,dqn,2023,2,10,0.1666,-0.0889,1.448,2.63,-0.0627,61
09-03 20:23,069500,dqn,2023,3,10,-0.1999,-0.4553,-2.446,-2.955,-0.2417,67
09-03 20:24,069500,dqn,2023,4,10,-0.067,-0.3224,-0.834,-1.017,-0.1484,60
09-03 20:24,069500,dqn,2023,5,10,-0.0397,-0.2951,-0.31,-0.468,-0.1294,65
09-03 20:24,069500,double,2023,1,10,0.0549,-0.2005,0.523,0.824,-0.0933,67
09-03 20:25,069500,double,2023,2,10,0.0945,-0.1609,1.164,1.477,-0.0611,59
09-03 20:26,069500,double,2023,3,10,-0.0141,-0.2695,-0.087,-0.115,-0.1338,53
09-03 20:26,069500,double,2023,4,10,-0.0332,-0.2887,-0.299,-0.404,-0.1213,58
09-03 20:27,069500,double,2023,5,10,-0.0053,-0.2608,-0.003,-0.004,-0.0907,45
09-03 20:27,069500,buy_hold,2024,0,0,-0.0989,0.0,-0.419,-0.519,-0.2052,
09-03 20:27,069500,ma_cross,2024,0,0,-0.0703,0.0286,-0.449,-0.277,-0.1649,2.0
09-03 20:27,069500,cash,2024,0,0,0.0,0.0989,0.0,0.0,0.0,0.0
09-03 20:27,069500,fixed50,2024,0,0,-0.0458,0.0531,-0.419,-0.519,-0.1059,
09-03 20:27,069500,dqn,2024,1,10,-0.1342,-0.0353,-0.868,-0.798,-0.1817,40
09-03 20:28,069500,dqn,2024,2,10,-0.0033,0.0956,0.034,0.04,-0.1217,55
09-03 20:29,069500,dqn,2024,3,10,-0.0692,0.0297,-0.409,-0.386,-0.1757,67
09-03 20:29,069500,dqn,2024,4,10,0.037,0.1359,0.4,0.514,-0.0725,58
09-03 20:30,069500,dqn,2024,5,10,-0.0465,0.0524,-0.386,-0.441,-0.1188,46
09-03 20:31,069500,double,2024,1,10,-0.0287,0.0702,-0.163,-0.113,-0.141,51
09-03 20:31,069500,double,2024,2,10,-0.0419,0.057,-0.346,-0.414,-0.1264,64
09-03 20:32,069500,double,2024,3,10,-0.0721,0.0268,-0.561,-0.735,-0.1293,45
09-03 20:33,069500,double,2024,4,10,-0.0383,0.0606,-0.206,-0.144,-0.1722,45
09-03 20:33,069500,double,2024,5,10,-0.0749,0.024,-0.506,-0.397,-0.1882,70
