time,code,test_year,seed,episodes,window,features,hidden,lr,gamma,target_every,eps_decay,ret,excess_bh,sortino,mdd,trades
09-15 11:56,005930,2019,1,2,20,base8,64,0.001,0.99,500,0.999,0.0549,-0.385,0.561,-0.1788,38
09-15 11:56,005930,2020,1,2,20,base8,64,0.001,0.99,500,0.999,0.2269,-0.2402,1.265,-0.1934,47
09-15 11:57,005930,2019,1,10,20,base8,64,0.001,0.99,500,0.999,0.0346,-0.4054,0.423,-0.176,26
09-15 11:57,005930,2019,2,10,20,base8,64,0.001,0.99,500,0.999,0.0337,-0.4062,0.41,-0.1824,38
09-15 11:57,005930,2019,3,10,20,base8,64,0.001,0.99,500,0.999,0.0022,-0.4377,0.124,-0.1685,46
09-15 11:57,005930,2019,4,10,20,base8,64,0.001,0.99,500,0.999,0.1638,-0.2762,1.341,-0.1048,60
09-15 11:58,005930,2019,5,10,20,base8,64,0.001,0.99,500,0.999,-0.002,-0.4419,0.105,-0.1366,62
09-15 11:58,005930,2020,1,10,20,base8,64,0.001,0.99,500,0.999,-0.1142,-0.5812,-0.491,-0.215,45
09-15 11:58,005930,2020,2,10,20,base8,64,0.001,0.99,500,0.999,0.0421,-0.4249,0.396,-0.1443,66
09-15 11:58,005930,2020,3,10,20,base8,64,0.001,0.99,500,0.999,0.1099,-0.3572,0.832,-0.1755,45
09-15 11:58,005930,2020,4,10,20,base8,64,0.001,0.99,500,0.999,0.1916,-0.2755,1.026,-0.2376,54
09-15 11:59,005930,2020,5,10,20,base8,64,0.001,0.99,500,0.999,0.1759,-0.2912,1.368,-0.0696,51
09-15 11:59,005930,2019,1,20,20,base8,64,0.001,0.99,500,0.999,0.0284,-0.4115,0.359,-0.1212,60
09-15 12:00,005930,2019,2,20,20,base8,64,0.001,0.99,500,0.999,0.0041,-0.4359,0.169,-0.1847,42
09-15 12:00,005930,2019,3,20,20,base8,64,0.001,0.99,500,0.999,-0.0961,-0.536,-0.778,-0.1863,74
09-15 12:01,005930,2019,4,20,20,base8,64,0.001,0.99,500,0.999,0.0037,-0.4362,0.149,-0.2224,55
09-15 12:01,005930,2019,5,20,20,base8,64,0.001,0.99,500,0.999,0.0424,-0.3975,0.442,-0.0973,64
09-15 12:02,005930,2020,1,20,20,base8,64,0.001,0.99,500,0.999,0.1893,-0.2777,1.172,-0.2967,58
09-15 12:02,005930,2020,2,20,20,base8,64,0.001,0.99,500,0.999,0.196,-0.271,1.221,-0.3368,51
09-15 12:02,005930,2020,3,20,20,base8,64,0.001,0.99,500,0.999,-0.1202,-0.5872,-0.479,-0.3196,59
09-15 12:03,005930,2020,4,20,20,base8,64,0.001,0.99,500,0.999,-0.1018,-0.5689,-0.358,-0.3236,50
09-15 12:03,005930,2020,5,20,20,base8,64,0.001,0.99,500,0.999,-0.0793,-0.5463,-0.376,-0.2546,61
09-15 12:04,005930,2019,1,40,20,base8,64,0.001,0.99,500,0.999,-0.039,-0.4789,-0.273,-0.1647,50
09-15 12:05,005930,2019,2,40,20,base8,64,0.001,0.99,500,0.999,-0.1135,-0.5534,-0.922,-0.1777,35
09-15 12:06,005930,2019,3,40,20,base8,64,0.001,0.99,500,0.999,-0.0099,-0.4499,0.007,-0.1561,72
09-15 12:07,005930,2019,4,40,20,base8,64,0.001,0.99,500,0.999,-0.0351,-0.4751,-0.188,-0.1355,77
09-15 12:08,005930,2019,5,40,20,base8,64,0.001,0.99,500,0.999,-0.0039,-0.4438,0.087,-0.1365,71
09-15 12:10,005930,2020,1,40,20,base8,64,0.001,0.99,500,0.999,0.1447,-0.3224,0.987,-0.2232,65
09-15 12:11,005930,2020,2,40,20,base8,64,0.001,0.99,500,0.999,0.1811,-0.2859,1.256,-0.2371,68
09-15 12:12,005930,2020,3,40,20,base8,64,0.001,0.99,500,0.999,0.0428,-0.4243,0.414,-0.2707,51
09-15 12:13,005930,2020,4,40,20,base8,64,0.001,0.99,500,0.999,-0.0956,-0.5626,-0.571,-0.223,47
09-15 12:14,005930,2020,5,40,20,base8,64,0.001,0.99,500,0.999,0.1379,-0.3291,1.074,-0.2053,67
09-15 12:46,005930,2018,1,10,20,base8,64,0.001,0.99,500,0.999,-0.3567,-0.1165,-2.907,-0.3676,59
09-15 12:46,005930,2018,2,10,20,base8,64,0.001,0.99,500,0.999,-0.2145,0.0258,-1.563,-0.216,58
09-15 12:47,005930,2018,3,10,20,base8,64,0.001,0.99,500,0.999,-0.2674,-0.0271,-2.007,-0.2674,48
09-15 12:47,005930,2018,4,10,20,base8,64,0.001,0.99,500,0.999,-0.2665,-0.0262,-2.064,-0.2679,54
09-15 12:47,005930,2018,5,10,20,base8,64,0.001,0.99,500,0.999,-0.226,0.0142,-1.559,-0.2465,47
09-15 12:47,005930,2018,6,10,20,base8,64,0.001,0.99,500,0.999,-0.18,0.0602,-1.342,-0.2502,75
09-15 12:48,005930,2018,7,10,20,base8,64,0.001,0.99,500,0.999,-0.1145,0.1258,-1.033,-0.1182,62
09-15 12:48,005930,2018,8,10,20,base8,64,0.001,0.99,500,0.999,-0.3543,-0.1141,-3.044,-0.363,53
09-15 12:48,005930,2018,9,10,20,base8,64,0.001,0.99,500,0.999,-0.2116,0.0287,-1.462,-0.2656,76
09-15 12:48,005930,2018,10,10,20,base8,64,0.001,0.99,500,0.999,-0.284,-0.0438,-2.382,-0.2937,66
09-15 12:49,005930,2019,1,10,20,base8,64,0.001,0.99,500,0.999,0.0346,-0.4054,0.423,-0.176,26
09-15 12:49,005930,2019,2,10,20,base8,64,0.001,0.99,500,0.999,0.0337,-0.4062,0.41,-0.1824,38
09-15 12:49,005930,2019,3,10,20,base8,64,0.001,0.99,500,0.999,0.0022,-0.4377,0.124,-0.1685,46
09-15 12:49,005930,2019,4,10,20,base8,64,0.001,0.99,500,0.999,0.1638,-0.2762,1.341,-0.1048,60
09-15 12:50,005930,2019,5,10,20,base8,64,0.001,0.99,500,0.999,-0.002,-0.4419,0.105,-0.1366,62
09-15 12:50,005930,2019,6,10,20,base8,64,0.001,0.99,500,0.999,-0.1217,-0.5617,-0.952,-0.216,60
09-15 12:50,005930,2019,7,10,20,base8,64,0.001,0.99,500,0.999,0.0232,-0.4168,0.305,-0.124,60
09-15 12:50,005930,2019,8,10,20,base8,64,0.001,0.99,500,0.999,0.0124,-0.4276,0.232,-0.1414,58
09-15 12:51,005930,2019,9,10,20,base8,64,0.001,0.99,500,0.999,0.1257,-0.3143,1.062,-0.0996,64
09-15 12:51,005930,2019,10,10,20,base8,64,0.001,0.99,500,0.999,0.1654,-0.2746,1.329,-0.143,48
09-15 12:51,005930,2020,1,10,20,base8,64,0.001,0.99,500,0.999,-0.1142,-0.5812,-0.491,-0.215,45
09-15 12:51,005930,2020,2,10,20,base8,64,0.001,0.99,500,0.999,0.0421,-0.4249,0.396,-0.1443,66
09-15 12:52,005930,2020,3,10,20,base8,64,0.001,0.99,500,0.999,0.1099,-0.3572,0.832,-0.1755,45
09-15 12:52,005930,2020,4,10,20,base8,64,0.001,0.99,500,0.999,0.1916,-0.2755,1.026,-0.2376,54
09-15 12:52,005930,2020,5,10,20,base8,64,0.001,0.99,500,0.999,0.1759,-0.2912,1.368,-0.0696,51
09-15 12:52,005930,2020,6,10,20,base8,64,0.001,0.99,500,0.999,0.0647,-0.4024,0.591,-0.164,46
09-15 12:52,005930,2020,7,10,20,base8,64,0.001,0.99,500,0.999,0.3484,-0.1186,2.57,-0.0908,58
09-15 12:53,005930,2020,8,10,20,base8,64,0.001,0.99,500,0.999,0.054,-0.4131,0.508,-0.1771,54
09-15 12:53,005930,2020,9,10,20,base8,64,0.001,0.99,500,0.999,-0.2053,-0.6724,-1.031,-0.3811,40
09-15 12:53,005930,2020,10,10,20,base8,64,0.001,0.99,500,0.999,0.2181,-0.2489,1.315,-0.1824,54
09-15 12:54,005930,2018,1,20,20,base8,64,0.001,0.99,500,0.999,-0.2808,-0.0405,-2.257,-0.2963,43
09-15 12:54,005930,2018,2,20,20,base8,64,0.001,0.99,500,0.999,-0.2687,-0.0284,-1.888,-0.2772,53
09-15 12:54,005930,2018,3,20,20,base8,64,0.001,0.99,500,0.999,-0.2397,0.0005,-1.785,-0.2485,53
09-15 12:55,005930,2018,4,20,20,base8,64,0.001,0.99,500,0.999,-0.2779,-0.0376,-2.075,-0.2876,61
09-15 12:55,005930,2018,5,20,20,base8,64,0.001,0.99,500,0.999,-0.2511,-0.0108,-1.833,-0.3072,49
09-15 12:56,005930,2018,6,20,20,base8,64,0.001,0.99,500,0.999,-0.2582,-0.0179,-1.949,-0.2681,77
09-15 12:56,005930,2018,7,20,20,base8,64,0.001,0.99,500,0.999,-0.3223,-0.082,-2.852,-0.3235,68
09-15 12:56,005930,2018,8,20,20,base8,64,0.001,0.99,500,0.999,-0.2197,0.0205,-1.595,-0.2302,59
09-15 12:57,005930,2018,9,20,20,base8,64,0.001,0.99,500,0.999,-0.2316,0.0087,-1.753,-0.2668,69
09-15 12:57,005930,2018,10,20,20,base8,64,0.001,0.99,500,0.999,-0.218,0.0223,-1.638,-0.2194,60
09-15 12:58,005930,2019,1,20,20,base8,64,0.001,0.99,500,0.999,0.0284,-0.4115,0.359,-0.1212,60
09-15 12:58,005930,2019,2,20,20,base8,64,0.001,0.99,500,0.999,0.0041,-0.4359,0.169,-0.1847,42
09-15 12:59,005930,2019,3,20,20,base8,64,0.001,0.99,500,0.999,-0.0961,-0.536,-0.778,-0.1863,74
09-15 12:59,005930,2019,4,20,20,base8,64,0.001,0.99,500,0.999,0.0037,-0.4362,0.149,-0.2224,55
09-15 12:59,005930,2019,5,20,20,base8,64,0.001,0.99,500,0.999,0.0424,-0.3975,0.442,-0.0973,64
09-15 13:00,005930,2019,6,20,20,base8,64,0.001,0.99,500,0.999,0.2639,-0.176,2.338,-0.0977,41
09-15 13:00,005930,2019,7,20,20,base8,64,0.001,0.99,500,0.999,-0.0167,-0.4567,-0.022,-0.162,57
09-15 13:01,005930,2019,8,20,20,base8,64,0.001,0.99,500,0.999,0.0499,-0.39,0.532,-0.1798,56
09-15 13:01,005930,2019,9,20,20,base8,64,0.001,0.99,500,0.999,-0.0169,-0.4569,-0.04,-0.188,60
09-15 13:02,005930,2019,10,20,20,base8,64,0.001,0.99,500,0.999,0.0414,-0.3985,0.439,-0.1821,78
09-15 13:02,005930,2020,1,20,20,base8,64,0.001,0.99,500,0.999,0.1893,-0.2777,1.172,-0.2967,58
09-15 13:03,005930,2020,2,20,20,base8,64,0.001,0.99,500,0.999,0.196,-0.271,1.221,-0.3368,51
09-15 13:03,005930,2020,3,20,20,base8,64,0.001,0.99,500,0.999,-0.1202,-0.5872,-0.479,-0.3196,59
09-15 13:04,005930,2020,4,20,20,base8,64,0.001,0.99,500,0.999,-0.1018,-0.5689,-0.358,-0.3236,50
09-15 13:04,005930,2020,5,20,20,base8,64,0.001,0.99,500,0.999,-0.0793,-0.5463,-0.376,-0.2546,61
09-15 13:04,005930,2020,6,20,20,base8,64,0.001,0.99,500,0.999,0.1123,-0.3547,0.787,-0.3212,35
09-15 13:05,005930,2020,7,20,20,base8,64,0.001,0.99,500,0.999,0.1607,-0.3064,1.2,-0.1829,63
09-15 13:05,005930,2020,8,20,20,base8,64,0.001,0.99,500,0.999,0.0103,-0.4567,0.203,-0.2862,61
09-15 13:06,005930,2020,9,20,20,base8,64,0.001,0.99,500,0.999,0.08,-0.3871,0.633,-0.317,36
09-15 13:06,005930,2020,10,20,20,base8,64,0.001,0.99,500,0.999,0.0758,-0.3912,0.557,-0.3044,45
09-15 13:07,005930,2018,1,40,20,base8,64,0.001,0.99,500,0.999,-0.2736,-0.0333,-2.372,-0.3114,63
09-15 13:08,005930,2018,2,40,20,base8,64,0.001,0.99,500,0.999,-0.1471,0.0932,-0.882,-0.2355,62
09-15 13:09,005930,2018,3,40,20,base8,64,0.001,0.99,500,0.999,-0.2581,-0.0178,-1.813,-0.268,57
09-15 13:09,005930,2018,4,40,20,base8,64,0.001,0.99,500,0.999,-0.3059,-0.0656,-2.453,-0.3738,65
09-15 13:10,005930,2018,5,40,20,base8,64,0.001,0.99,500,0.999,-0.2271,0.0132,-1.568,-0.2328,60
09-15 13:11,005930,2018,6,40,20,base8,64,0.001,0.99,500,0.999,-0.2315,0.0087,-1.536,-0.2533,53
09-15 13:12,005930,2018,7,40,20,base8,64,0.001,0.99,500,0.999,-0.2756,-0.0353,-2.154,-0.3309,95
09-15 13:13,005930,2018,8,40,20,base8,64,0.001,0.99,500,0.999,-0.2328,0.0075,-1.791,-0.2632,62
09-15 13:14,005930,2018,9,40,20,base8,64,0.001,0.99,500,0.999,-0.3776,-0.1373,-3.11,-0.3788,62
09-15 13:14,005930,2018,10,40,20,base8,64,0.001,0.99,500,0.999,-0.3233,-0.083,-2.521,-0.3233,69
09-15 13:15,005930,2019,1,40,20,base8,64,0.001,0.99,500,0.999,-0.039,-0.4789,-0.273,-0.1647,50
09-15 13:16,005930,2019,2,40,20,base8,64,0.001,0.99,500,0.999,-0.1135,-0.5534,-0.922,-0.1777,35
09-15 13:17,005930,2019,3,40,20,base8,64,0.001,0.99,500,0.999,-0.0099,-0.4499,0.007,-0.1561,72
09-15 13:18,005930,2019,4,40,20,base8,64,0.001,0.99,500,0.999,-0.0351,-0.4751,-0.188,-0.1355,77
09-15 13:19,005930,2019,5,40,20,base8,64,0.001,0.99,500,0.999,-0.0039,-0.4438,0.087,-0.1365,71
09-15 13:20,005930,2019,6,40,20,base8,64,0.001,0.99,500,0.999,-0.1336,-0.5736,-1.09,-0.1932,68
09-15 13:21,005930,2019,7,40,20,base8,64,0.001,0.99,500,0.999,0.1198,-0.3202,1.116,-0.0921,54
09-15 13:22,005930,2019,8,40,20,base8,64,0.001,0.99,500,0.999,-0.0676,-0.5075,-0.481,-0.1427,76
09-15 13:22,005930,2019,9,40,20,base8,64,0.001,0.99,500,0.999,0.1649,-0.2751,1.355,-0.166,34
09-15 13:23,005930,2019,10,40,20,base8,64,0.001,0.99,500,0.999,0.0466,-0.3934,0.472,-0.1431,58
09-15 13:24,005930,2020,1,40,20,base8,64,0.001,0.99,500,0.999,0.1447,-0.3224,0.987,-0.2232,65
09-15 13:25,005930,2020,2,40,20,base8,64,0.001,0.99,500,0.999,0.1811,-0.2859,1.256,-0.2371,68
09-15 13:26,005930,2020,3,40,20,base8,64,0.001,0.99,500,0.999,0.0428,-0.4243,0.414,-0.2707,51
09-15 13:27,005930,2020,4,40,20,base8,64,0.001,0.99,500,0.999,-0.0956,-0.5626,-0.571,-0.223,47
09-15 13:28,005930,2020,5,40,20,base8,64,0.001,0.99,500,0.999,0.1379,-0.3291,1.074,-0.2053,67
09-15 13:29,005930,2020,6,40,20,base8,64,0.001,0.99,500,0.999,0.2424,-0.2247,1.333,-0.3059,57
09-15 13:29,005930,2020,7,40,20,base8,64,0.001,0.99,500,0.999,0.1375,-0.3295,1.061,-0.1899,72
09-15 13:30,005930,2020,8,40,20,base8,64,0.001,0.99,500,0.999,0.1586,-0.3085,0.923,-0.229,75
09-15 13:31,005930,2020,9,40,20,base8,64,0.001,0.99,500,0.999,0.0621,-0.4049,0.493,-0.2853,57
09-15 13:32,005930,2020,10,40,20,base8,64,0.001,0.99,500,0.999,0.0055,-0.4615,0.22,-0.3019,69
09-15 14:27,005930,2018,1,10,10,base8,64,0.001,0.99,500,0.999,-0.0918,0.1485,-0.475,-0.1277,56
09-15 14:27,005930,2018,2,10,10,base8,64,0.001,0.99,500,0.999,-0.3584,-0.1182,-2.688,-0.4122,60
09-15 14:28,005930,2018,3,10,10,base8,64,0.001,0.99,500,0.999,-0.2569,-0.0166,-1.756,-0.2989,57
09-15 14:28,005930,2018,4,10,10,base8,64,0.001,0.99,500,0.999,-0.1559,0.0844,-1.071,-0.2017,68
09-15 14:28,005930,2018,5,10,10,base8,64,0.001,0.99,500,0.999,-0.0796,0.1606,-0.432,-0.1927,64
09-15 14:28,005930,2018,6,10,10,base8,64,0.001,0.99,500,0.999,-0.1107,0.1295,-0.69,-0.2205,74
09-15 14:29,005930,2018,7,10,10,base8,64,0.001,0.99,500,0.999,-0.2603,-0.02,-1.801,-0.2621,62
09-15 14:29,005930,2018,8,10,10,base8,64,0.001,0.99,500,0.999,-0.0351,0.2052,-0.146,-0.1366,54
09-15 14:29,005930,2018,9,10,10,base8,64,0.001,0.99,500,0.999,-0.3539,-0.1136,-2.636,-0.3614,63
09-15 14:29,005930,2018,10,10,10,base8,64,0.001,0.99,500,0.999,-0.0596,0.1806,-0.257,-0.1747,62
09-15 14:30,005930,2019,1,10,10,base8,64,0.001,0.99,500,0.999,0.1359,-0.3041,1.185,-0.1433,47
09-15 14:30,005930,2019,2,10,10,base8,64,0.001,0.99,500,0.999,0.1338,-0.3062,1.181,-0.2008,55
09-15 14:30,005930,2019,3,10,10,base8,64,0.001,0.99,500,0.999,0.0221,-0.4178,0.308,-0.1958,49
09-15 14:30,005930,2019,4,10,10,base8,64,0.001,0.99,500,0.999,0.0248,-0.4152,0.301,-0.205,70
09-15 14:31,005930,2019,5,10,10,base8,64,0.001,0.99,500,0.999,0.1045,-0.3354,0.913,-0.1513,41
09-15 14:31,005930,2019,6,10,10,base8,64,0.001,0.99,500,0.999,-0.0617,-0.5016,-0.441,-0.1365,67
09-15 14:31,005930,2019,7,10,10,base8,64,0.001,0.99,500,0.999,-0.1367,-0.5766,-1.115,-0.2761,90
09-15 14:32,005930,2019,8,10,10,base8,64,0.001,0.99,500,0.999,0.0256,-0.4144,0.313,-0.1673,67
09-15 14:32,005930,2019,9,10,10,base8,64,0.001,0.99,500,0.999,-0.0428,-0.4828,-0.204,-0.247,37
09-15 14:32,005930,2019,10,10,10,base8,64,0.001,0.99,500,0.999,0.2994,-0.1406,2.295,-0.1131,53
09-15 14:32,005930,2020,1,10,10,base8,64,0.001,0.99,500,0.999,0.2055,-0.2615,1.163,-0.3088,37
09-15 14:33,005930,2020,2,10,10,base8,64,0.001,0.99,500,0.999,0.1455,-0.3216,0.971,-0.2788,47
09-15 14:33,005930,2020,3,10,10,base8,64,0.001,0.99,500,0.999,0.3194,-0.1476,1.95,-0.1526,33
09-15 14:33,005930,2020,4,10,10,base8,64,0.001,0.99,500,0.999,0.042,-0.425,0.319,-0.257,63
09-15 14:34,005930,2020,5,10,10,base8,64,0.001,0.99,500,0.999,0.1355,-0.3315,0.96,-0.2534,36
09-15 14:34,005930,2020,6,10,10,base8,64,0.001,0.99,500,0.999,0.0756,-0.3915,0.548,-0.2665,59
09-15 14:34,005930,2020,7,10,10,base8,64,0.001,0.99,500,0.999,0.2061,-0.261,1.224,-0.2312,66
09-15 14:34,005930,2020,8,10,10,base8,64,0.001,0.99,500,0.999,0.0501,-0.417,0.441,-0.3118,42
09-15 14:34,005930,2020,9,10,10,base8,64,0.001,0.99,500,0.999,-0.0547,-0.5218,-0.15,-0.1715,26
09-15 14:35,005930,2020,10,10,10,base8,64,0.001,0.99,500,0.999,0.1926,-0.2744,1.124,-0.2862,38
09-15 14:35,005930,2018,1,10,20,base8,64,0.001,0.99,500,0.999,-0.3567,-0.1165,-2.907,-0.3676,59
09-15 14:35,005930,2018,2,10,20,base8,64,0.001,0.99,500,0.999,-0.2145,0.0258,-1.563,-0.216,58
09-15 14:35,005930,2018,3,10,20,base8,64,0.001,0.99,500,0.999,-0.2674,-0.0271,-2.007,-0.2674,48
09-15 14:36,005930,2018,4,10,20,base8,64,0.001,0.99,500,0.999,-0.2665,-0.0262,-2.064,-0.2679,54
09-15 14:36,005930,2018,5,10,20,base8,64,0.001,0.99,500,0.999,-0.226,0.0142,-1.559,-0.2465,47
09-15 14:36,005930,2018,6,10,20,base8,64,0.001,0.99,500,0.999,-0.18,0.0602,-1.342,-0.2502,75
09-15 14:36,005930,2018,7,10,20,base8,64,0.001,0.99,500,0.999,-0.1145,0.1258,-1.033,-0.1182,62
09-15 14:36,005930,2018,8,10,20,base8,64,0.001,0.99,500,0.999,-0.3543,-0.1141,-3.044,-0.363,53
09-15 14:37,005930,2018,9,10,20,base8,64,0.001,0.99,500,0.999,-0.2116,0.0287,-1.462,-0.2656,76
09-15 14:37,005930,2018,10,10,20,base8,64,0.001,0.99,500,0.999,-0.284,-0.0438,-2.382,-0.2937,66
09-15 14:37,005930,2019,1,10,20,base8,64,0.001,0.99,500,0.999,0.0346,-0.4054,0.423,-0.176,26
09-15 14:37,005930,2019,2,10,20,base8,64,0.001,0.99,500,0.999,0.0337,-0.4062,0.41,-0.1824,38
09-15 14:38,005930,2019,3,10,20,base8,64,0.001,0.99,500,0.999,0.0022,-0.4377,0.124,-0.1685,46
09-15 14:38,005930,2019,4,10,20,base8,64,0.001,0.99,500,0.999,0.1638,-0.2762,1.341,-0.1048,60
09-15 14:38,005930,2019,5,10,20,base8,64,0.001,0.99,500,0.999,-0.002,-0.4419,0.105,-0.1366,62
09-15 14:39,005930,2019,6,10,20,base8,64,0.001,0.99,500,0.999,-0.1217,-0.5617,-0.952,-0.216,60
09-15 14:39,005930,2019,7,10,20,base8,64,0.001,0.99,500,0.999,0.0232,-0.4168,0.305,-0.124,60
09-15 14:39,005930,2019,8,10,20,base8,64,0.001,0.99,500,0.999,0.0124,-0.4276,0.232,-0.1414,58
09-15 14:39,005930,2019,9,10,20,base8,64,0.001,0.99,500,0.999,0.1257,-0.3143,1.062,-0.0996,64
09-15 14:40,005930,2019,10,10,20,base8,64,0.001,0.99,500,0.999,0.1654,-0.2746,1.329,-0.143,48
09-15 14:40,005930,2020,1,10,20,base8,64,0.001,0.99,500,0.999,-0.1142,-0.5812,-0.491,-0.215,45
09-15 14:40,005930,2020,2,10,20,base8,64,0.001,0.99,500,0.999,0.0421,-0.4249,0.396,-0.1443,66
09-15 14:40,005930,2020,3,10,20,base8,64,0.001,0.99,500,0.999,0.1099,-0.3572,0.832,-0.1755,45
09-15 14:41,005930,2020,4,10,20,base8,64,0.001,0.99,500,0.999,0.1916,-0.2755,1.026,-0.2376,54
09-15 14:41,005930,2020,5,10,20,base8,64,0.001,0.99,500,0.999,0.1759,-0.2912,1.368,-0.0696,51
09-15 14:41,005930,2020,6,10,20,base8,64,0.001,0.99,500,0.999,0.0647,-0.4024,0.591,-0.164,46
09-15 14:42,005930,2020,7,10,20,base8,64,0.001,0.99,500,0.999,0.3484,-0.1186,2.57,-0.0908,58
09-15 14:42,005930,2020,8,10,20,base8,64,0.001,0.99,500,0.999,0.054,-0.4131,0.508,-0.1771,54
09-15 14:42,005930,2020,9,10,20,base8,64,0.001,0.99,500,0.999,-0.2053,-0.6724,-1.031,-0.3811,40
09-15 14:42,005930,2020,10,10,20,base8,64,0.001,0.99,500,0.999,0.2181,-0.2489,1.315,-0.1824,54
09-15 14:43,005930,2018,1,10,60,base8,64,0.001,0.99,500,0.999,0.0019,0.2422,0.125,-0.0864,50
09-15 14:43,005930,2018,2,10,60,base8,64,0.001,0.99,500,0.999,-0.2541,-0.0138,-2.818,-0.2706,42
09-15 14:43,005930,2018,3,10,60,base8,64,0.001,0.99,500,0.999,-0.2087,0.0315,-1.968,-0.2693,46
09-15 14:43,005930,2018,4,10,60,base8,64,0.001,0.99,500,0.999,-0.0294,0.2109,-0.197,-0.1456,40
09-15 14:43,005930,2018,5,10,60,base8,64,0.001,0.99,500,0.999,-0.2029,0.0374,-1.989,-0.2427,31
09-15 14:44,005930,2018,6,10,60,base8,64,0.001,0.99,500,0.999,-0.0451,0.1952,-0.299,-0.1806,42
09-15 14:44,005930,2018,7,10,60,base8,64,0.001,0.99,500,0.999,-0.1989,0.0414,-2.006,-0.2284,45
09-15 14:44,005930,2018,8,10,60,base8,64,0.001,0.99,500,0.999,-0.2592,-0.0189,-2.574,-0.319,62
09-15 14:44,005930,2018,9,10,60,base8,64,0.001,0.99,500,0.999,-0.0725,0.1677,-0.555,-0.1721,40
09-15 14:45,005930,2018,10,10,60,base8,64,0.001,0.99,500,0.999,-0.0458,0.1944,-0.269,-0.1577,36
09-15 14:45,005930,2019,1,10,60,base8,64,0.001,0.99,500,0.999,-0.0302,-0.4702,-0.277,-0.116,52
09-15 14:45,005930,2019,2,10,60,base8,64,0.001,0.99,500,0.999,-0.0788,-0.5187,-0.722,-0.1689,60
09-15 14:46,005930,2019,3,10,60,base8,64,0.001,0.99,500,0.999,0.1791,-0.2609,2.059,-0.1046,30
09-15 14:46,005930,2019,4,10,60,base8,64,0.001,0.99,500,0.999,-0.0482,-0.4882,-0.491,-0.1178,63
09-15 14:46,005930,2019,5,10,60,base8,64,0.001,0.99,500,0.999,-0.1437,-0.5836,-1.656,-0.197,40
09-15 14:47,005930,2019,6,10,60,base8,64,0.001,0.99,500,0.999,-0.0205,-0.4605,-0.096,-0.2153,48
09-15 14:47,005930,2019,7,10,60,base8,64,0.001,0.99,500,0.999,0.0251,-0.4148,0.439,-0.1248,55
09-15 14:47,005930,2019,8,10,60,base8,64,0.001,0.99,500,0.999,0.0213,-0.4187,0.356,-0.0987,55
09-15 14:47,005930,2019,9,10,60,base8,64,0.001,0.99,500,0.999,-0.0447,-0.4846,-0.365,-0.1599,40
09-15 14:47,005930,2019,10,10,60,base8,64,0.001,0.99,500,0.999,-0.0133,-0.4533,-0.046,-0.1247,44
09-15 14:48,005930,2020,1,10,60,base8,64,0.001,0.99,500,0.999,0.3037,-0.1634,2.617,-0.0714,38
09-15 14:48,005930,2020,2,10,60,base8,64,0.001,0.99,500,0.999,0.4376,-0.0294,3.662,-0.0601,33
09-15 14:48,005930,2020,3,10,60,base8,64,0.001,0.99,500,0.999,0.1227,-0.3443,1.204,-0.0965,42
09-15 14:49,005930,2020,4,10,60,base8,64,0.001,0.99,500,0.999,0.2577,-0.2093,2.085,-0.1531,31
09-15 14:49,005930,2020,5,10,60,base8,64,0.001,0.99,500,0.999,0.2319,-0.2351,2.146,-0.0755,33
09-15 14:49,005930,2020,6,10,60,base8,64,0.001,0.99,500,0.999,0.3856,-0.0815,3.873,-0.0688,36
09-15 14:49,005930,2020,7,10,60,base8,64,0.001,0.99,500,0.999,0.2434,-0.2236,2.038,-0.1034,41
09-15 14:50,005930,2020,8,10,60,base8,64,0.001,0.99,500,0.999,0.5709,0.1038,6.039,-0.0549,36
09-15 14:50,005930,2020,9,10,60,base8,64,0.001,0.99,500,0.999,0.1364,-0.3306,1.31,-0.0961,38
09-15 14:50,005930,2020,10,10,60,base8,64,0.001,0.99,500,0.999,0.2255,-0.2415,2.182,-0.0975,43
09-15 14:57,005930,2018,1,10,10,base8,64,0.001,0.99,500,0.999,-0.0705,0.1698,-0.312,-0.1276,57
09-15 14:57,005930,2018,2,10,10,base8,64,0.001,0.99,500,0.999,-0.3734,-0.1331,-2.654,-0.4016,62
09-15 14:57,005930,2018,3,10,10,base8,64,0.001,0.99,500,0.999,-0.3066,-0.0663,-2.091,-0.3225,59
09-15 14:58,005930,2018,4,10,10,base8,64,0.001,0.99,500,0.999,-0.1957,0.0446,-1.322,-0.2338,73
09-15 14:58,005930,2018,5,10,10,base8,64,0.001,0.99,500,0.999,-0.1192,0.121,-0.684,-0.1729,68
09-15 14:58,005930,2018,6,10,10,base8,64,0.001,0.99,500,0.999,-0.1531,0.0872,-0.966,-0.213,72
09-15 14:58,005930,2018,7,10,10,base8,64,0.001,0.99,500,0.999,-0.2549,-0.0146,-1.669,-0.2714,66
09-15 14:59,005930,2018,8,10,10,base8,64,0.001,0.99,500,0.999,-0.0351,0.2052,-0.14,-0.1366,54
09-15 14:59,005930,2018,9,10,10,base8,64,0.001,0.99,500,0.999,-0.3523,-0.112,-2.505,-0.3598,67
09-15 14:59,005930,2018,10,10,10,base8,64,0.001,0.99,500,0.999,-0.0105,0.2297,0.088,-0.1822,65
09-15 14:59,005930,2019,1,10,10,base8,64,0.001,0.99,500,0.999,0.3176,-0.1223,2.243,-0.1223,59
09-15 15:00,005930,2019,2,10,10,base8,64,0.001,0.99,500,0.999,0.1491,-0.2908,1.209,-0.2316,63
09-15 15:00,005930,2019,3,10,10,base8,64,0.001,0.99,500,0.999,0.0712,-0.3687,0.664,-0.1958,51
09-15 15:00,005930,2019,4,10,10,base8,64,0.001,0.99,500,0.999,0.045,-0.395,0.436,-0.2112,74
09-15 15:00,005930,2019,5,10,10,base8,64,0.001,0.99,500,0.999,0.1942,-0.2458,1.515,-0.1282,49
09-15 15:01,005930,2019,6,10,10,base8,64,0.001,0.99,500,0.999,-0.0593,-0.4993,-0.404,-0.1361,69
09-15 15:01,005930,2019,7,10,10,base8,64,0.001,0.99,500,0.999,0.0181,-0.4218,0.253,-0.2249,98
09-15 15:01,005930,2019,8,10,10,base8,64,0.001,0.99,500,0.999,0.0452,-0.3947,0.453,-0.1673,70
09-15 15:01,005930,2019,9,10,10,base8,64,0.001,0.99,500,0.999,0.0381,-0.4019,0.406,-0.238,45
09-15 15:02,005930,2019,10,10,10,base8,64,0.001,0.99,500,0.999,0.3103,-0.1297,2.255,-0.152,59
09-15 15:02,005930,2020,1,10,10,base8,64,0.001,0.99,500,0.999,0.308,-0.159,1.535,-0.3109,37
09-15 15:02,005930,2020,2,10,10,base8,64,0.001,0.99,500,0.999,0.2168,-0.2503,1.289,-0.2803,52
09-15 15:02,005930,2020,3,10,10,base8,64,0.001,0.99,500,0.999,0.3274,-0.1397,1.91,-0.1526,35
09-15 15:03,005930,2020,4,10,10,base8,64,0.001,0.99,500,0.999,0.0515,-0.4156,0.356,-0.2563,65
09-15 15:03,005930,2020,5,10,10,base8,64,0.001,0.99,500,0.999,0.2571,-0.21,1.488,-0.2464,41
09-15 15:03,005930,2020,6,10,10,base8,64,0.001,0.99,500,0.999,0.039,-0.428,0.366,-0.2666,63
09-15 15:03,005930,2020,7,10,10,base8,64,0.001,0.99,500,0.999,0.2274,-0.2396,1.276,-0.2333,67
09-15 15:04,005930,2020,8,10,10,base8,64,0.001,0.99,500,0.999,0.0572,-0.4099,0.453,-0.3122,42
09-15 15:04,005930,2020,9,10,10,base8,64,0.001,0.99,500,0.999,-0.0547,-0.5218,-0.144,-0.1715,26
09-15 15:04,005930,2020,10,10,10,base8,64,0.001,0.99,500,0.999,0.3643,-0.1027,1.819,-0.2703,47
09-15 15:04,005930,2018,1,10,20,base8,64,0.001,0.99,500,0.999,-0.3601,-0.1198,-2.667,-0.3816,63
09-15 15:05,005930,2018,2,10,20,base8,64,0.001,0.99,500,0.999,-0.2123,0.0279,-1.415,-0.2405,63
09-15 15:05,005930,2018,3,10,20,base8,64,0.001,0.99,500,0.999,-0.3387,-0.0984,-2.347,-0.3387,56
09-15 15:05,005930,2018,4,10,20,base8,64,0.001,0.99,500,0.999,-0.2523,-0.012,-1.767,-0.2964,56
09-15 15:05,005930,2018,5,10,20,base8,64,0.001,0.99,500,0.999,-0.2508,-0.0106,-1.6,-0.2656,52
09-15 15:06,005930,2018,6,10,20,base8,64,0.001,0.99,500,0.999,-0.1995,0.0408,-1.358,-0.2502,81
09-15 15:06,005930,2018,7,10,20,base8,64,0.001,0.99,500,0.999,-0.1233,0.117,-1.037,-0.1357,68
09-15 15:06,005930,2018,8,10,20,base8,64,0.001,0.99,500,0.999,-0.3811,-0.1409,-2.98,-0.3883,55
09-15 15:06,005930,2018,9,10,20,base8,64,0.001,0.99,500,0.999,-0.261,-0.0207,-1.695,-0.2976,80
09-15 15:06,005930,2018,10,10,20,base8,64,0.001,0.99,500,0.999,-0.2842,-0.0439,-2.184,-0.3192,73
09-15 15:07,005930,2019,1,10,20,base8,64,0.001,0.99,500,0.999,0.0346,-0.4054,0.388,-0.176,26
09-15 15:07,005930,2019,2,10,20,base8,64,0.001,0.99,500,0.999,0.2432,-0.1967,1.788,-0.1826,40
09-15 15:07,005930,2019,3,10,20,base8,64,0.001,0.99,500,0.999,0.044,-0.3959,0.415,-0.1733,46
09-15 15:08,005930,2019,4,10,20,base8,64,0.001,0.99,500,0.999,0.2402,-0.1998,1.733,-0.1344,70
09-15 15:08,005930,2019,5,10,20,base8,64,0.001,0.99,500,0.999,0.0486,-0.3913,0.471,-0.1434,66
09-15 15:08,005930,2019,6,10,20,base8,64,0.001,0.99,500,0.999,-0.0811,-0.5211,-0.506,-0.2471,67
09-15 15:08,005930,2019,7,10,20,base8,64,0.001,0.99,500,0.999,0.3196,-0.1203,2.144,-0.1207,62
09-15 15:09,005930,2019,8,10,20,base8,64,0.001,0.99,500,0.999,0.063,-0.377,0.594,-0.1411,64
09-15 15:09,005930,2019,9,10,20,base8,64,0.001,0.99,500,0.999,0.1384,-0.3015,1.079,-0.0994,68
09-15 15:09,005930,2019,10,10,20,base8,64,0.001,0.99,500,0.999,0.1954,-0.2445,1.408,-0.1501,50
09-15 15:10,005930,2020,1,10,20,base8,64,0.001,0.99,500,0.999,-0.0193,-0.4864,0.023,-0.2141,50
09-15 15:10,005930,2020,2,10,20,base8,64,0.001,0.99,500,0.999,0.1761,-0.2909,1.073,-0.1595,71
09-15 15:10,005930,2020,3,10,20,base8,64,0.001,0.99,500,0.999,0.1245,-0.3425,0.849,-0.2318,52
09-15 15:10,005930,2020,4,10,20,base8,64,0.001,0.99,500,0.999,0.1736,-0.2935,0.887,-0.2675,60
09-15 15:11,005930,2020,5,10,20,base8,64,0.001,0.99,500,0.999,0.185,-0.2821,1.34,-0.084,58
09-15 15:11,005930,2020,6,10,20,base8,64,0.001,0.99,500,0.999,0.1158,-0.3512,0.85,-0.1664,50
09-15 15:11,005930,2020,7,10,20,base8,64,0.001,0.99,500,0.999,0.4025,-0.0645,2.741,-0.1008,68
09-15 15:11,005930,2020,8,10,20,base8,64,0.001,0.99,500,0.999,0.054,-0.4131,0.467,-0.1771,54
09-15 15:12,005930,2020,9,10,20,base8,64,0.001,0.99,500,0.999,-0.1983,-0.6654,-0.918,-0.3822,47
09-15 15:12,005930,2020,10,10,20,base8,64,0.001,0.99,500,0.999,0.2384,-0.2287,1.338,-0.216,62
09-15 15:12,005930,2018,1,10,60,base8,64,0.001,0.99,500,0.999,-0.091,0.1492,-0.544,-0.1387,72
09-15 15:12,005930,2018,2,10,60,base8,64,0.001,0.99,500,0.999,-0.2819,-0.0416,-1.998,-0.3033,60
09-15 15:13,005930,2018,3,10,60,base8,64,0.001,0.99,500,0.999,-0.2763,-0.036,-1.868,-0.2771,61
09-15 15:13,005930,2018,4,10,60,base8,64,0.001,0.99,500,0.999,0.1102,0.3505,0.815,-0.1458,62
09-15 15:13,005930,2018,5,10,60,base8,64,0.001,0.99,500,0.999,-0.3263,-0.086,-2.388,-0.3341,47
09-15 15:13,005930,2018,6,10,60,base8,64,0.001,0.99,500,0.999,-0.3085,-0.0682,-2.313,-0.3164,62
09-15 15:14,005930,2018,7,10,60,base8,64,0.001,0.99,500,0.999,-0.1597,0.0805,-1.047,-0.2284,58
09-15 15:14,005930,2018,8,10,60,base8,64,0.001,0.99,500,0.999,-0.3429,-0.1026,-2.519,-0.3491,84
09-15 15:14,005930,2018,9,10,60,base8,64,0.001,0.99,500,0.999,-0.0815,0.1588,-0.418,-0.1408,56
09-15 15:14,005930,2018,10,10,60,base8,64,0.001,0.99,500,0.999,-0.1241,0.1161,-0.743,-0.1881,54
09-15 15:15,005930,2019,1,10,60,base8,64,0.001,0.99,500,0.999,0.0487,-0.3913,0.516,-0.1557,67
09-15 15:15,005930,2019,2,10,60,base8,64,0.001,0.99,500,0.999,0.0463,-0.3937,0.482,-0.169,83
09-15 15:15,005930,2019,3,10,60,base8,64,0.001,0.99,500,0.999,0.2545,-0.1855,2.04,-0.1205,45
09-15 15:16,005930,2019,4,10,60,base8,64,0.001,0.99,500,0.999,0.0091,-0.4308,0.188,-0.1388,67
09-15 15:16,005930,2019,5,10,60,base8,64,0.001,0.99,500,0.999,-0.1123,-0.5522,-0.815,-0.197,48
09-15 15:16,005930,2019,6,10,60,base8,64,0.001,0.99,500,0.999,0.0935,-0.3464,0.787,-0.2057,60
09-15 15:16,005930,2019,7,10,60,base8,64,0.001,0.99,500,0.999,0.0896,-0.3504,0.949,-0.1251,65
09-15 15:17,005930,2019,8,10,60,base8,64,0.001,0.99,500,0.999,0.1358,-0.3041,1.125,-0.0988,61
09-15 15:17,005930,2019,9,10,60,base8,64,0.001,0.99,500,0.999,-0.0055,-0.4455,0.04,-0.1529,52
09-15 15:17,005930,2019,10,10,60,base8,64,0.001,0.99,500,0.999,-0.0106,-0.4505,0.024,-0.1468,54
09-15 15:18,005930,2020,1,10,60,base8,64,0.001,0.99,500,0.999,0.1225,-0.3446,0.745,-0.2179,54
09-15 15:18,005930,2020,2,10,60,base8,64,0.001,0.99,500,0.999,0.375,-0.0921,1.56,-0.2679,39
09-15 15:18,005930,2020,3,10,60,base8,64,0.001,0.99,500,0.999,-0.0144,-0.4815,0.032,-0.2784,52
09-15 15:18,005930,2020,4,10,60,base8,64,0.001,0.99,500,0.999,-0.0418,-0.5088,-0.064,-0.3463,49
09-15 15:19,005930,2020,5,10,60,base8,64,0.001,0.99,500,0.999,-0.0156,-0.4826,0.012,-0.2483,46
09-15 15:19,005930,2020,6,10,60,base8,64,0.001,0.99,500,0.999,-0.018,-0.485,-0.008,-0.2339,49
09-15 15:19,005930,2020,7,10,60,base8,64,0.001,0.99,500,0.999,-0.0688,-0.5358,-0.248,-0.3061,57
09-15 15:19,005930,2020,8,10,60,base8,64,0.001,0.99,500,0.999,0.3769,-0.0901,1.879,-0.2803,55
09-15 15:20,005930,2020,9,10,60,base8,64,0.001,0.99,500,0.999,0.0722,-0.3948,0.52,-0.2637,54
09-15 15:20,005930,2020,10,10,60,base8,64,0.001,0.99,500,0.999,0.015,-0.4521,0.228,-0.2714,55
09-15 15:22,005930,2018,1,10,10,slim5,64,0.001,0.99,500,0.999,-0.3313,-0.0911,-2.442,-0.3313,72
09-15 15:22,005930,2018,2,10,10,slim5,64,0.001,0.99,500,0.999,-0.1873,0.053,-1.175,-0.1967,55
09-15 15:23,005930,2018,3,10,10,slim5,64,0.001,0.99,500,0.999,-0.408,-0.1677,-3.034,-0.4154,63
09-15 15:23,005930,2018,4,10,10,slim5,64,0.001,0.99,500,0.999,-0.1464,0.0939,-0.912,-0.2684,74
09-15 15:23,005930,2018,5,10,10,slim5,64,0.001,0.99,500,0.999,-0.3226,-0.0823,-2.279,-0.3367,75
09-15 15:23,005930,2018,6,10,10,slim5,64,0.001,0.99,500,0.999,-0.2887,-0.0484,-1.973,-0.3335,70
09-15 15:24,005930,2018,7,10,10,slim5,64,0.001,0.99,500,0.999,-0.1994,0.0409,-1.224,-0.2941,74
09-15 15:24,005930,2018,8,10,10,slim5,64,0.001,0.99,500,0.999,-0.319,-0.0787,-2.305,-0.3331,45
09-15 15:24,005930,2018,9,10,10,slim5,64,0.001,0.99,500,0.999,-0.3565,-0.1163,-2.516,-0.3594,62
09-15 15:24,005930,2018,10,10,10,slim5,64,0.001,0.99,500,0.999,-0.2867,-0.0465,-1.854,-0.2949,46
09-15 15:25,005930,2019,1,10,10,slim5,64,0.001,0.99,500,0.999,0.0137,-0.4263,0.257,-0.2091,68
09-15 15:25,005930,2019,2,10,10,slim5,64,0.001,0.99,500,0.999,0.1654,-0.2746,1.326,-0.1662,71
09-15 15:25,005930,2019,3,10,10,slim5,64,0.001,0.99,500,0.999,0.1243,-0.3157,1.012,-0.1889,85
09-15 15:25,005930,2019,4,10,10,slim5,64,0.001,0.99,500,0.999,0.0703,-0.3697,0.647,-0.2062,55
09-15 15:26,005930,2019,5,10,10,slim5,64,0.001,0.99,500,0.999,0.1197,-0.3203,1.079,-0.1583,97
09-15 15:26,005930,2019,6,10,10,slim5,64,0.001,0.99,500,0.999,0.1194,-0.3206,1.031,-0.1651,93
09-15 15:26,005930,2019,7,10,10,slim5,64,0.001,0.99,500,0.999,0.118,-0.322,0.949,-0.1426,79
09-15 15:26,005930,2019,8,10,10,slim5,64,0.001,0.99,500,0.999,0.0088,-0.4312,0.2,-0.2316,100
09-15 15:27,005930,2019,9,10,10,slim5,64,0.001,0.99,500,0.999,0.1463,-0.2937,1.151,-0.2072,75
09-15 15:27,005930,2019,10,10,10,slim5,64,0.001,0.99,500,0.999,-0.0385,-0.4784,-0.209,-0.2178,66
09-15 15:27,005930,2020,1,10,10,slim5,64,0.001,0.99,500,0.999,0.0873,-0.3797,0.665,-0.2492,81
09-15 15:27,005930,2020,2,10,10,slim5,64,0.001,0.99,500,0.999,0.4262,-0.0409,2.098,-0.2809,65
09-15 15:28,005930,2020,3,10,10,slim5,64,0.001,0.99,500,0.999,0.0346,-0.4325,0.402,-0.1632,78
09-15 15:28,005930,2020,4,10,10,slim5,64,0.001,0.99,500,0.999,0.0584,-0.4087,0.444,-0.304,68
09-15 15:28,005930,2020,5,10,10,slim5,64,0.001,0.99,500,0.999,0.2167,-0.2503,1.152,-0.3141,47
09-15 15:29,005930,2020,6,10,10,slim5,64,0.001,0.99,500,0.999,0.0648,-0.4022,0.498,-0.0929,38
09-15 15:29,005930,2020,7,10,10,slim5,64,0.001,0.99,500,0.999,0.2077,-0.2593,1.26,-0.2576,57
09-15 15:29,005930,2020,8,10,10,slim5,64,0.001,0.99,500,0.999,0.1666,-0.3005,1.017,-0.3494,73
09-15 15:29,005930,2020,9,10,10,slim5,64,0.001,0.99,500,0.999,0.2743,-0.1928,2.153,-0.0731,54
09-15 15:30,005930,2020,10,10,10,slim5,64,0.001,0.99,500,0.999,0.1064,-0.3607,0.737,-0.3452,44
09-15 15:30,005930,2018,1,10,10,base8,64,0.001,0.99,500,0.999,-0.0705,0.1698,-0.312,-0.1276,57
09-15 15:30,005930,2018,2,10,10,base8,64,0.001,0.99,500,0.999,-0.3734,-0.1331,-2.654,-0.4016,62
09-15 15:30,005930,2018,3,10,10,base8,64,0.001,0.99,500,0.999,-0.3066,-0.0663,-2.091,-0.3225,59
09-15 15:30,005930,2018,4,10,10,base8,64,0.001,0.99,500,0.999,-0.1957,0.0446,-1.322,-0.2338,73
09-15 15:31,005930,2018,5,10,10,base8,64,0.001,0.99,500,0.999,-0.1192,0.121,-0.684,-0.1729,68
09-15 15:31,005930,2018,6,10,10,base8,64,0.001,0.99,500,0.999,-0.1531,0.0872,-0.966,-0.213,72
09-15 15:31,005930,2018,7,10,10,base8,64,0.001,0.99,500,0.999,-0.2549,-0.0146,-1.669,-0.2714,66
09-15 15:31,005930,2018,8,10,10,base8,64,0.001,0.99,500,0.999,-0.0351,0.2052,-0.14,-0.1366,54
09-15 15:32,005930,2018,9,10,10,base8,64,0.001,0.99,500,0.999,-0.3523,-0.112,-2.505,-0.3598,67
09-15 15:32,005930,2018,10,10,10,base8,64,0.001,0.99,500,0.999,-0.0105,0.2297,0.088,-0.1822,65
09-15 15:32,005930,2019,1,10,10,base8,64,0.001,0.99,500,0.999,0.3176,-0.1223,2.243,-0.1223,59
09-15 15:33,005930,2019,2,10,10,base8,64,0.001,0.99,500,0.999,0.1491,-0.2908,1.209,-0.2316,63
09-15 15:33,005930,2019,3,10,10,base8,64,0.001,0.99,500,0.999,0.0712,-0.3687,0.664,-0.1958,51
09-15 15:33,005930,2019,4,10,10,base8,64,0.001,0.99,500,0.999,0.045,-0.395,0.436,-0.2112,74
09-15 15:33,005930,2019,5,10,10,base8,64,0.001,0.99,500,0.999,0.1942,-0.2458,1.515,-0.1282,49
09-15 15:34,005930,2019,6,10,10,base8,64,0.001,0.99,500,0.999,-0.0593,-0.4993,-0.404,-0.1361,69
09-15 15:34,005930,2019,7,10,10,base8,64,0.001,0.99,500,0.999,0.0181,-0.4218,0.253,-0.2249,98
09-15 15:34,005930,2019,8,10,10,base8,64,0.001,0.99,500,0.999,0.0452,-0.3947,0.453,-0.1673,70
09-15 15:34,005930,2019,9,10,10,base8,64,0.001,0.99,500,0.999,0.0381,-0.4019,0.406,-0.238,45
09-15 15:35,005930,2019,10,10,10,base8,64,0.001,0.99,500,0.999,0.3103,-0.1297,2.255,-0.152,59
09-15 15:35,005930,2020,1,10,10,base8,64,0.001,0.99,500,0.999,0.308,-0.159,1.535,-0.3109,37
09-15 15:35,005930,2020,2,10,10,base8,64,0.001,0.99,500,0.999,0.2168,-0.2503,1.289,-0.2803,52
09-15 15:35,005930,2020,3,10,10,base8,64,0.001,0.99,500,0.999,0.3274,-0.1397,1.91,-0.1526,35
09-15 15:35,005930,2020,4,10,10,base8,64,0.001,0.99,500,0.999,0.0515,-0.4156,0.356,-0.2563,65
09-15 15:36,005930,2020,5,10,10,base8,64,0.001,0.99,500,0.999,0.2571,-0.21,1.488,-0.2464,41
09-15 15:36,005930,2020,6,10,10,base8,64,0.001,0.99,500,0.999,0.039,-0.428,0.366,-0.2666,63
09-15 15:36,005930,2020,7,10,10,base8,64,0.001,0.99,500,0.999,0.2274,-0.2396,1.276,-0.2333,67
09-15 15:36,005930,2020,8,10,10,base8,64,0.001,0.99,500,0.999,0.0572,-0.4099,0.453,-0.3122,42
09-15 15:37,005930,2020,9,10,10,base8,64,0.001,0.99,500,0.999,-0.0547,-0.5218,-0.144,-0.1715,26
09-15 15:37,005930,2020,10,10,10,base8,64,0.001,0.99,500,0.999,0.3643,-0.1027,1.819,-0.2703,47
09-15 15:37,005930,2018,1,10,10,plus10,64,0.001,0.99,500,0.999,-0.2333,0.007,-1.581,-0.2603,77
09-15 15:37,005930,2018,2,10,10,plus10,64,0.001,0.99,500,0.999,-0.3591,-0.1188,-2.523,-0.3591,94
09-15 15:38,005930,2018,3,10,10,plus10,64,0.001,0.99,500,0.999,-0.2893,-0.049,-2.081,-0.3397,76
09-15 15:38,005930,2018,4,10,10,plus10,64,0.001,0.99,500,0.999,-0.328,-0.0877,-2.286,-0.3496,62
09-15 15:38,005930,2018,5,10,10,plus10,64,0.001,0.99,500,0.999,-0.205,0.0353,-1.329,-0.2539,76
09-15 15:38,005930,2018,6,10,10,plus10,64,0.001,0.99,500,0.999,-0.3062,-0.0659,-2.165,-0.331,66
09-15 15:38,005930,2018,7,10,10,plus10,64,0.001,0.99,500,0.999,-0.3329,-0.0926,-2.63,-0.3504,54
09-15 15:39,005930,2018,8,10,10,plus10,64,0.001,0.99,500,0.999,-0.0808,0.1595,-0.351,-0.2099,47
09-15 15:39,005930,2018,9,10,10,plus10,64,0.001,0.99,500,0.999,-0.1934,0.0469,-1.325,-0.2573,72
09-15 15:39,005930,2018,10,10,10,plus10,64,0.001,0.99,500,0.999,-0.2432,-0.0029,-1.666,-0.2588,74
09-15 15:39,005930,2019,1,10,10,plus10,64,0.001,0.99,500,0.999,-0.0548,-0.4948,-0.328,-0.2434,92
09-15 15:39,005930,2019,2,10,10,plus10,64,0.001,0.99,500,0.999,0.1474,-0.2925,1.163,-0.1217,50
09-15 15:40,005930,2019,3,10,10,plus10,64,0.001,0.99,500,0.999,0.2365,-0.2035,1.63,-0.1555,43
09-15 15:40,005930,2019,4,10,10,plus10,64,0.001,0.99,500,0.999,-0.0666,-0.5066,-0.412,-0.2118,75
09-15 15:40,005930,2019,5,10,10,plus10,64,0.001,0.99,500,0.999,0.0169,-0.4231,0.237,-0.1755,69
09-15 15:40,005930,2019,6,10,10,plus10,64,0.001,0.99,500,0.999,0.0287,-0.4112,0.295,-0.1149,28
09-15 15:40,005930,2019,7,10,10,plus10,64,0.001,0.99,500,0.999,0.0318,-0.4082,0.374,-0.2518,43
09-15 15:41,005930,2019,8,10,10,plus10,64,0.001,0.99,500,0.999,0.2112,-0.2288,1.664,-0.1951,49
09-15 15:41,005930,2019,9,10,10,plus10,64,0.001,0.99,500,0.999,0.1607,-0.2793,1.25,-0.1372,53
09-15 15:41,005930,2019,10,10,10,plus10,64,0.001,0.99,500,0.999,0.0573,-0.3827,0.499,-0.1832,45
09-15 15:41,005930,2020,1,10,10,plus10,64,0.001,0.99,500,0.999,0.3888,-0.0782,1.885,-0.1747,45
09-15 15:42,005930,2020,2,10,10,plus10,64,0.001,0.99,500,0.999,0.2006,-0.2664,1.128,-0.1766,42
09-15 15:42,005930,2020,3,10,10,plus10,64,0.001,0.99,500,0.999,0.0985,-0.3685,0.695,-0.1414,52
09-15 15:42,005930,2020,4,10,10,plus10,64,0.001,0.99,500,0.999,0.1229,-0.3441,0.776,-0.1017,38
09-15 15:42,005930,2020,5,10,10,plus10,64,0.001,0.99,500,0.999,-0.0589,-0.526,-0.103,-0.3536,66
09-15 15:42,005930,2020,6,10,10,plus10,64,0.001,0.99,500,0.999,0.1516,-0.3154,0.899,-0.2658,66
09-15 15:43,005930,2020,7,10,10,plus10,64,0.001,0.99,500,0.999,0.1499,-0.3172,0.922,-0.2967,61
09-15 15:43,005930,2020,8,10,10,plus10,64,0.001,0.99,500,0.999,0.0313,-0.4357,0.271,-0.3224,53
09-15 15:43,005930,2020,9,10,10,plus10,64,0.001,0.99,500,0.999,0.121,-0.3461,0.736,-0.2597,45
09-15 15:43,005930,2020,10,10,10,plus10,64,0.001,0.99,500,0.999,0.0984,-0.3687,0.694,-0.2891,72
09-15 16:26,005930,2018,1,10,10,slim5,64,0.001,0.99,500,0.999,-0.0315,0.2087,-0.07,-0.1238,67
09-15 16:26,005930,2018,2,10,10,slim5,64,0.001,0.99,500,0.999,-0.2993,-0.059,-2.134,-0.3419,41
09-15 16:27,005930,2018,3,10,10,slim5,64,0.001,0.99,500,0.999,-0.0981,0.1422,-0.587,-0.2586,78
09-15 16:27,005930,2018,4,10,10,slim5,64,0.001,0.99,500,0.999,-0.2219,0.0184,-1.53,-0.2495,77
09-15 16:28,005930,2018,5,10,10,slim5,64,0.001,0.99,500,0.999,-0.1701,0.0701,-1.122,-0.2088,92
09-15 16:28,005930,2018,6,10,10,slim5,64,0.001,0.99,500,0.999,-0.1937,0.0465,-1.306,-0.2825,60
09-15 16:28,005930,2018,7,10,10,slim5,64,0.001,0.99,500,0.999,-0.3103,-0.0701,-2.144,-0.3568,45
09-15 16:29,005930,2018,8,10,10,slim5,64,0.001,0.99,500,0.999,-0.2454,-0.0052,-1.582,-0.2541,54
09-15 16:29,005930,2018,9,10,10,slim5,64,0.001,0.99,500,0.999,-0.2554,-0.0151,-1.639,-0.2789,37
09-15 16:29,005930,2018,10,10,10,slim5,64,0.001,0.99,500,0.999,-0.4205,-0.1803,-3.169,-0.4272,45
09-15 16:30,005930,2019,1,10,10,slim5,64,0.001,0.99,500,0.999,0.1181,-0.3218,0.99,-0.1973,77
09-15 16:30,005930,2019,2,10,10,slim5,64,0.001,0.99,500,0.999,-0.1254,-0.5654,-0.891,-0.2381,60
09-15 16:30,005930,2019,3,10,10,slim5,64,0.001,0.99,500,0.999,0.1488,-0.2912,1.17,-0.2178,53
09-15 16:31,005930,2019,4,10,10,slim5,64,0.001,0.99,500,0.999,0.0408,-0.3991,0.461,-0.1431,76
09-15 16:31,005930,2019,5,10,10,slim5,64,0.001,0.99,500,0.999,0.3788,-0.0612,2.682,-0.1228,48
09-15 16:31,005930,2019,6,10,10,slim5,64,0.001,0.99,500,0.999,0.1555,-0.2845,1.245,-0.1578,70
09-15 16:32,005930,2019,7,10,10,slim5,64,0.001,0.99,500,0.999,0.1391,-0.3008,1.166,-0.1494,56
09-15 16:32,005930,2019,8,10,10,slim5,64,0.001,0.99,500,0.999,0.0308,-0.4091,0.36,-0.1551,72
09-15 16:32,005930,2019,9,10,10,slim5,64,0.001,0.99,500,0.999,0.0085,-0.4315,0.18,-0.1707,74
09-15 16:33,005930,2019,10,10,10,slim5,64,0.001,0.99,500,0.999,0.051,-0.3889,0.535,-0.1763,61
09-15 16:33,005930,2020,1,10,10,slim5,64,0.001,0.99,500,0.999,0.2115,-0.2555,1.257,-0.3231,55
09-15 16:33,005930,2020,2,10,10,slim5,64,0.001,0.99,500,0.999,0.1224,-0.3446,0.797,-0.2975,72
09-15 16:33,005930,2020,3,10,10,slim5,64,0.001,0.99,500,0.999,0.5599,0.0928,2.68,-0.2058,57
09-15 16:34,005930,2020,4,10,10,slim5,64,0.001,0.99,500,0.999,0.0501,-0.417,0.41,-0.2226,70
09-15 16:34,005930,2020,5,10,10,slim5,64,0.001,0.99,500,0.999,0.118,-0.3491,0.694,-0.2395,65
09-15 16:35,005930,2020,6,10,10,slim5,64,0.001,0.99,500,0.999,0.4874,0.0204,3.123,-0.1326,69
09-15 16:35,005930,2020,7,10,10,slim5,64,0.001,0.99,500,0.999,0.0849,-0.3822,0.642,-0.2777,82
09-15 16:35,005930,2020,8,10,10,slim5,64,0.001,0.99,500,0.999,-0.049,-0.516,-0.064,-0.3054,60
09-15 16:35,005930,2020,9,10,10,slim5,64,0.001,0.99,500,0.999,0.224,-0.2431,1.304,-0.238,34
09-15 16:36,005930,2020,10,10,10,slim5,64,0.001,0.99,500,0.999,0.2132,-0.2539,1.277,-0.2442,72
09-15 16:36,005930,2018,1,10,10,base8,64,0.001,0.99,500,0.999,-0.3743,-0.1341,-2.756,-0.3743,82
09-15 16:36,005930,2018,2,10,10,base8,64,0.001,0.99,500,0.999,-0.2182,0.0221,-1.486,-0.2663,65
09-15 16:37,005930,2018,3,10,10,base8,64,0.001,0.99,500,0.999,-0.3835,-0.1432,-2.947,-0.3893,52
09-15 16:37,005930,2018,4,10,10,base8,64,0.001,0.99,500,0.999,-0.286,-0.0457,-1.887,-0.3002,62
09-15 16:37,005930,2018,5,10,10,base8,64,0.001,0.99,500,0.999,-0.2615,-0.0212,-1.649,-0.2824,58
09-15 16:37,005930,2018,6,10,10,base8,64,0.001,0.99,500,0.999,-0.2236,0.0166,-1.551,-0.3151,43
09-15 16:38,005930,2018,7,10,10,base8,64,0.001,0.99,500,0.999,-0.3447,-0.1044,-2.485,-0.3523,77
09-15 16:38,005930,2018,8,10,10,base8,64,0.001,0.99,500,0.999,-0.2558,-0.0155,-1.742,-0.2797,25
09-15 16:38,005930,2018,9,10,10,base8,64,0.001,0.99,500,0.999,-0.1967,0.0436,-1.462,-0.3068,72
09-15 16:39,005930,2018,10,10,10,base8,64,0.001,0.99,500,0.999,-0.2325,0.0077,-1.796,-0.2795,105
09-15 16:39,005930,2019,1,10,10,base8,64,0.001,0.99,500,0.999,-0.0271,-0.4671,-0.069,-0.2254,81
09-15 16:39,005930,2019,2,10,10,base8,64,0.001,0.99,500,0.999,0.2148,-0.2252,1.62,-0.191,50
09-15 16:40,005930,2019,3,10,10,base8,64,0.001,0.99,500,0.999,0.3785,-0.0614,2.865,-0.1203,45
09-15 16:40,005930,2019,4,10,10,base8,64,0.001,0.99,500,0.999,-0.0825,-0.5225,-0.618,-0.1896,92
09-15 16:40,005930,2019,5,10,10,base8,64,0.001,0.99,500,0.999,0.0766,-0.3633,0.703,-0.1478,90
09-15 16:41,005930,2019,6,10,10,base8,64,0.001,0.99,500,0.999,-0.1726,-0.6126,-1.255,-0.2443,88
09-15 16:41,005930,2019,7,10,10,base8,64,0.001,0.99,500,0.999,0.0618,-0.3782,0.607,-0.1954,65
09-15 16:41,005930,2019,8,10,10,base8,64,0.001,0.99,500,0.999,0.1746,-0.2654,1.386,-0.2011,61
09-15 16:42,005930,2019,9,10,10,base8,64,0.001,0.99,500,0.999,-0.071,-0.511,-0.476,-0.2266,71
09-15 16:42,005930,2019,10,10,10,base8,64,0.001,0.99,500,0.999,0.2073,-0.2327,1.612,-0.098,41
09-15 16:42,005930,2020,1,10,10,base8,64,0.001,0.99,500,0.999,0.2396,-0.2275,1.302,-0.243,61
09-15 16:43,005930,2020,2,10,10,base8,64,0.001,0.99,500,0.999,0.4218,-0.0453,2.366,-0.1463,69
09-15 16:43,005930,2020,3,10,10,base8,64,0.001,0.99,500,0.999,0.1429,-0.3241,0.873,-0.2693,68
09-15 16:43,005930,2020,4,10,10,base8,64,0.001,0.99,500,0.999,0.143,-0.3241,0.943,-0.1411,68
09-15 16:43,005930,2020,5,10,10,base8,64,0.001,0.99,500,0.999,0.0667,-0.4003,0.43,-0.2479,69
09-15 16:44,005930,2020,6,10,10,base8,64,0.001,0.99,500,0.999,-0.114,-0.5811,-0.433,-0.317,84
09-15 16:44,005930,2020,7,10,10,base8,64,0.001,0.99,500,0.999,0.0418,-0.4252,0.396,-0.2096,84
09-15 16:44,005930,2020,8,10,10,base8,64,0.001,0.99,500,0.999,0.1047,-0.3624,0.689,-0.2648,58
09-15 16:45,005930,2020,9,10,10,base8,64,0.001,0.99,500,0.999,0.3748,-0.0922,1.903,-0.2681,73
09-15 16:45,005930,2020,10,10,10,base8,64,0.001,0.99,500,0.999,0.0818,-0.3852,0.673,-0.2117,73
09-15 16:45,005930,2018,1,10,10,plus10,64,0.001,0.99,500,0.999,-0.0669,0.1734,-0.334,-0.2134,57
09-15 16:46,005930,2018,2,10,10,plus10,64,0.001,0.99,500,0.999,-0.4033,-0.163,-3.118,-0.4033,73
09-15 16:46,005930,2018,3,10,10,plus10,64,0.001,0.99,500,0.999,-0.3551,-0.1148,-2.5,-0.3678,53
09-15 16:47,005930,2018,4,10,10,plus10,64,0.001,0.99,500,0.999,-0.2165,0.0237,-1.385,-0.2583,61
09-15 16:47,005930,2018,5,10,10,plus10,64,0.001,0.99,500,0.999,-0.3055,-0.0652,-2.029,-0.3055,54
09-15 16:47,005930,2018,6,10,10,plus10,64,0.001,0.99,500,0.999,-0.132,0.1083,-0.773,-0.1492,58
09-15 16:48,005930,2018,7,10,10,plus10,64,0.001,0.99,500,0.999,-0.2267,0.0135,-1.555,-0.2357,59
09-15 16:48,005930,2018,8,10,10,plus10,64,0.001,0.99,500,0.999,-0.2493,-0.009,-1.647,-0.2641,45
09-15 16:49,005930,2018,9,10,10,plus10,64,0.001,0.99,500,0.999,-0.2203,0.02,-1.47,-0.2771,53
09-15 16:49,005930,2018,10,10,10,plus10,64,0.001,0.99,500,0.999,-0.2566,-0.0163,-1.71,-0.2798,67
09-15 16:49,005930,2019,1,10,10,plus10,64,0.001,0.99,500,0.999,0.1097,-0.3303,0.892,-0.1915,78
09-15 16:50,005930,2019,2,10,10,plus10,64,0.001,0.99,500,0.999,0.0784,-0.3615,0.652,-0.1694,51
09-15 16:50,005930,2019,3,10,10,plus10,64,0.001,0.99,500,0.999,0.0589,-0.381,0.545,-0.1516,76
09-15 16:50,005930,2019,4,10,10,plus10,64,0.001,0.99,500,0.999,0.0105,-0.4294,0.195,-0.1805,78
09-15 16:51,005930,2019,5,10,10,plus10,64,0.001,0.99,500,0.999,-0.0358,-0.4758,-0.131,-0.2046,83
09-15 16:51,005930,2019,6,10,10,plus10,64,0.001,0.99,500,0.999,-0.0424,-0.4824,-0.201,-0.1551,50
09-15 16:51,005930,2019,7,10,10,plus10,64,0.001,0.99,500,0.999,0.1147,-0.3252,1.028,-0.1246,62
09-15 16:51,005930,2019,8,10,10,plus10,64,0.001,0.99,500,0.999,0.2672,-0.1727,1.911,-0.1749,42
09-15 16:52,005930,2019,9,10,10,plus10,64,0.001,0.99,500,0.999,0.0366,-0.4033,0.374,-0.1548,53
09-15 16:52,005930,2019,10,10,10,plus10,64,0.001,0.99,500,0.999,0.0604,-0.3796,0.548,-0.1696,61
09-15 16:52,005930,2020,1,10,10,plus10,64,0.001,0.99,500,0.999,0.4034,-0.0637,1.77,-0.2081,61
09-15 16:53,005930,2020,2,10,10,plus10,64,0.001,0.99,500,0.999,-0.1031,-0.5701,-0.44,-0.1903,56
09-15 16:53,005930,2020,3,10,10,plus10,64,0.001,0.99,500,0.999,0.1627,-0.3044,0.952,-0.3327,68
09-15 16:53,005930,2020,4,10,10,plus10,64,0.001,0.99,500,0.999,0.133,-0.334,0.833,-0.2748,48
09-15 16:54,005930,2020,5,10,10,plus10,64,0.001,0.99,500,0.999,0.4498,-0.0173,3.042,-0.1327,46
09-15 16:54,005930,2020,6,10,10,plus10,64,0.001,0.99,500,0.999,0.1212,-0.3458,0.743,-0.2775,32
09-15 16:54,005930,2020,7,10,10,plus10,64,0.001,0.99,500,0.999,-0.0622,-0.5293,-0.271,-0.2249,44
09-15 16:54,005930,2020,8,10,10,plus10,64,0.001,0.99,500,0.999,0.2209,-0.2462,1.258,-0.2285,50
09-15 16:54,005930,2020,9,10,10,plus10,64,0.001,0.99,500,0.999,-0.0119,-0.479,0.096,-0.2592,62
09-15 16:55,005930,2020,10,10,10,plus10,64,0.001,0.99,500,0.999,0.3841,-0.083,2.009,-0.1693,49
09-15 16:55,005930,2018,1,10,10,structure,64,0.001,0.99,500,0.999,-0.067,0.1733,-0.358,-0.1636,42
09-15 16:55,005930,2018,2,10,10,structure,64,0.001,0.99,500,0.999,-0.1102,0.1301,-0.6,-0.2393,76
09-15 16:55,005930,2018,3,10,10,structure,64,0.001,0.99,500,0.999,-0.228,0.0123,-1.642,-0.2794,69
09-15 16:55,005930,2018,4,10,10,structure,64,0.001,0.99,500,0.999,-0.2486,-0.0084,-1.661,-0.26,54
09-15 16:56,005930,2018,5,10,10,structure,64,0.001,0.99,500,0.999,-0.2181,0.0221,-1.569,-0.2181,44
09-15 16:56,005930,2018,6,10,10,structure,64,0.001,0.99,500,0.999,-0.1852,0.0551,-1.09,-0.2227,58
09-15 16:56,005930,2018,7,10,10,structure,64,0.001,0.99,500,0.999,-0.3004,-0.0601,-2.192,-0.3351,59
09-15 16:56,005930,2018,8,10,10,structure,64,0.001,0.99,500,0.999,-0.3257,-0.0855,-2.32,-0.3336,44
09-15 16:56,005930,2018,9,10,10,structure,64,0.001,0.99,500,0.999,-0.2016,0.0387,-1.419,-0.2714,72
09-15 16:57,005930,2018,10,10,10,structure,64,0.001,0.99,500,0.999,-0.2241,0.0162,-1.429,-0.2485,75
09-15 16:57,005930,2019,1,10,10,structure,64,0.001,0.99,500,0.999,0.0309,-0.409,0.365,-0.1404,76
09-15 16:57,005930,2019,2,10,10,structure,64,0.001,0.99,500,0.999,0.0609,-0.3791,0.611,-0.1038,47
09-15 16:57,005930,2019,3,10,10,structure,64,0.001,0.99,500,0.999,-0.013,-0.453,0.015,-0.2084,73
09-15 16:58,005930,2019,4,10,10,structure,64,0.001,0.99,500,0.999,0.1771,-0.2628,1.411,-0.1406,80
09-15 16:58,005930,2019,5,10,10,structure,64,0.001,0.99,500,0.999,0.2446,-0.1953,1.775,-0.1006,50
09-15 16:58,005930,2019,6,10,10,structure,64,0.001,0.99,500,0.999,0.4435,0.0035,3.212,-0.1317,64
09-15 16:58,005930,2019,7,10,10,structure,64,0.001,0.99,500,0.999,-0.0442,-0.4841,-0.227,-0.1537,49
09-15 16:58,005930,2019,8,10,10,structure,64,0.001,0.99,500,0.999,0.1196,-0.3204,1.001,-0.2206,59
09-15 16:59,005930,2019,9,10,10,structure,64,0.001,0.99,500,0.999,0.2538,-0.1862,1.882,-0.1183,48
09-15 16:59,005930,2019,10,10,10,structure,64,0.001,0.99,500,0.999,0.0556,-0.3844,0.531,-0.1361,54
09-15 16:59,005930,2020,1,10,10,structure,64,0.001,0.99,500,0.999,0.2432,-0.2239,1.639,-0.1129,30
09-15 16:59,005930,2020,2,10,10,structure,64,0.001,0.99,500,0.999,0.0458,-0.4213,0.42,-0.177,71
09-15 16:59,005930,2020,3,10,10,structure,64,0.001,0.99,500,0.999,0.0157,-0.4514,0.253,-0.2943,61
09-15 17:00,005930,2020,4,10,10,structure,64,0.001,0.99,500,0.999,0.2642,-0.2029,1.607,-0.2062,51
09-15 17:00,005930,2020,5,10,10,structure,64,0.001,0.99,500,0.999,0.2196,-0.2474,1.176,-0.3076,72
09-15 17:00,005930,2020,6,10,10,structure,64,0.001,0.99,500,0.999,-0.073,-0.5401,-0.207,-0.2922,56
09-15 17:00,005930,2020,7,10,10,structure,64,0.001,0.99,500,0.999,-0.0335,-0.5006,-0.093,-0.2234,70
09-15 17:01,005930,2020,8,10,10,structure,64,0.001,0.99,500,0.999,0.0588,-0.4083,0.424,-0.3127,36
09-15 17:01,005930,2020,9,10,10,structure,64,0.001,0.99,500,0.999,0.1562,-0.3108,1.039,-0.1507,54
09-15 17:01,005930,2020,10,10,10,structure,64,0.001,0.99,500,0.999,0.1758,-0.2912,1.385,-0.0545,60
09-15 17:01,005930,2018,1,10,10,market,64,0.001,0.99,500,0.999,-0.3366,-0.0963,-2.465,-0.3625,74
09-15 17:01,005930,2018,2,10,10,market,64,0.001,0.99,500,0.999,-0.2153,0.025,-1.532,-0.2187,66
09-15 17:02,005930,2018,3,10,10,market,64,0.001,0.99,500,0.999,-0.2895,-0.0492,-2.001,-0.3124,69
09-15 17:02,005930,2018,4,10,10,market,64,0.001,0.99,500,0.999,-0.2377,0.0026,-1.653,-0.3125,61
09-15 17:02,005930,2018,5,10,10,market,64,0.001,0.99,500,0.999,-0.2761,-0.0358,-1.875,-0.2876,61
09-15 17:02,005930,2018,6,10,10,market,64,0.001,0.99,500,0.999,-0.3518,-0.1115,-2.828,-0.462,73
09-15 17:03,005930,2018,7,10,10,market,64,0.001,0.99,500,0.999,-0.3988,-0.1585,-2.969,-0.4113,53
09-15 17:03,005930,2018,8,10,10,market,64,0.001,0.99,500,0.999,-0.2182,0.022,-1.461,-0.2275,67
09-15 17:03,005930,2018,9,10,10,market,64,0.001,0.99,500,0.999,-0.0947,0.1456,-0.548,-0.1341,50
09-15 17:03,005930,2018,10,10,10,market,64,0.001,0.99,500,0.999,-0.2284,0.0119,-1.465,-0.2503,50
09-15 17:03,005930,2019,1,10,10,market,64,0.001,0.99,500,0.999,0.0497,-0.3902,0.492,-0.1346,60
09-15 17:04,005930,2019,2,10,10,market,64,0.001,0.99,500,0.999,-0.0168,-0.4568,-0.013,-0.1714,69
09-15 17:04,005930,2019,3,10,10,market,64,0.001,0.99,500,0.999,-0.099,-0.5389,-0.674,-0.2046,52
09-15 17:04,005930,2019,4,10,10,market,64,0.001,0.99,500,0.999,0.2149,-0.225,1.656,-0.1245,42
09-15 17:04,005930,2019,5,10,10,market,64,0.001,0.99,500,0.999,-0.0121,-0.4521,0.032,-0.2047,65
09-15 17:05,005930,2019,6,10,10,market,64,0.001,0.99,500,0.999,-0.0146,-0.4546,-0.002,-0.1807,52
09-15 17:05,005930,2019,7,10,10,market,64,0.001,0.99,500,0.999,0.0947,-0.3452,0.83,-0.1257,91
09-15 17:05,005930,2019,8,10,10,market,64,0.001,0.99,500,0.999,0.2723,-0.1676,1.932,-0.146,55
09-15 17:05,005930,2019,9,10,10,market,64,0.001,0.99,500,0.999,-0.024,-0.464,-0.095,-0.1506,58
09-15 17:06,005930,2019,10,10,10,market,64,0.001,0.99,500,0.999,-0.1014,-0.5413,-0.761,-0.2102,62
09-15 17:06,005930,2020,1,10,10,market,64,0.001,0.99,500,0.999,-0.1285,-0.5956,-0.49,-0.3513,56
09-15 17:06,005930,2020,2,10,10,market,64,0.001,0.99,500,0.999,0.3238,-0.1432,1.594,-0.2782,68
09-15 17:07,005930,2020,3,10,10,market,64,0.001,0.99,500,0.999,0.1107,-0.3563,0.744,-0.1901,46
09-15 17:07,005930,2020,4,10,10,market,64,0.001,0.99,500,0.999,0.0418,-0.4253,0.335,-0.2305,44
09-15 17:07,005930,2020,5,10,10,market,64,0.001,0.99,500,0.999,0.2581,-0.2089,1.261,-0.2698,48
09-15 17:08,005930,2020,6,10,10,market,64,0.001,0.99,500,0.999,0.1455,-0.3216,0.898,-0.1753,67
09-15 17:08,005930,2020,7,10,10,market,64,0.001,0.99,500,0.999,0.0549,-0.4121,0.402,-0.2126,64
09-15 17:08,005930,2020,8,10,10,market,64,0.001,0.99,500,0.999,0.058,-0.4091,0.476,-0.2218,62
09-15 17:08,005930,2020,9,10,10,market,64,0.001,0.99,500,0.999,0.2982,-0.1688,1.34,-0.2811,57
09-15 17:09,005930,2020,10,10,10,market,64,0.001,0.99,500,0.999,-0.1787,-0.6457,-0.801,-0.301,51
